,id,name,aka,link,image_url,worked_as,worked_in,DOB,MOB,YOB,DOD,MOD,YOD
0,21229,Abby Meehan,,https://wfpp.columbia.edu/person/abby-meehan/,,director|writer>journalist,Great Britain,,,1853.0,,,1931.0
1,1342,Ada Aline Urban,Ada Gorecki|Ada Aline Jones,https://wfpp.columbia.edu/person/ada-aline-urban/,https://wfpp.columbia.edu/wp-content/uploads/2018/05/adaalineurban.jpg,business partner>business co-owner|company director>company co-director,Great Britain|United States,15,May,1868.0,,,1937.0
2,1704,Ada Egede-Nissen,Ada Kramm,https://wfpp.columbia.edu/person/ada-egede-nissen/,,actress>film actress|actress>theatre actress,Germany|Norway,,,1899.0,,,1981.0
3,1337,Adela Rogers St. Johns,Nora Adela Rogers|Adela Rogers Saint Johns|Adela Rogers St. John,https://wfpp.columbia.edu/person/adela-rogers-st-johns/,https://wfpp.columbia.edu/wp-content/uploads/2011/11/WFP-ROG02.jpg,writer>journalist|writer>novelist|writer>screenwriter|writer>source author,United States,20,May,1894.0,10,August,1988.0
4,1344,Adela Sequeyro,Perlita|Adela Sequeyro Haro|Mrs. Mario Tenorio,https://wfpp.columbia.edu/person/adela-sequeyro-haro/,https://wfpp.columbia.edu/wp-content/uploads/Sequeyro_Latin_America_CCP_FIG261_WFP-SEQ021.jpg,director|actress>film actress|film company owner|writer>journalist|writer>poet|producer,Mexico,11,March,1901.0,24,December,1992.0
5,1345,Adele S. Buffington,Jesse Bowers|Adele Burgdorfer of St. Louis|Colt Remington,https://wfpp.columbia.edu/person/adele-s-buffington/,https://wfpp.columbia.edu/wp-content/uploads/Buffington_CCP_FIGX_WFP-BUF011.jpg,guild co-founder|movie theatre ticket cashier|writer>scenario writer|writer>screenwriter,United States,12,February,1900.0,23,November,1973.0
6,1348,Adelina Barrasa,,https://wfpp.columbia.edu/person/adelina-barrasa/,,cinema proprietor|exhibitor>motion picture exhibitor,Mexico,,,,,,
7,1349,Adriana Ehlers,,https://wfpp.columbia.edu/person/adriana-ehlers/,https://wfpp.columbia.edu/wp-content/uploads/2012/02/WFP-ELH01.jpg,camera operator|director|filmmaker>documentary maker|equipment sales|filmmaker>ethnographic filmmaker|censor>film censorship board member|government department head|laboratory worker|visual artist>photographer|producer,Mexico|United States,28,September,1894.0,,,1972.0
8,1351,Adriënne Solser,,https://wfpp.columbia.edu/person/adrienne-solser/,https://wfpp.columbia.edu/wp-content/uploads/2013/07/WFP-SOL02.jpg,director>co-director|comedienne|distributor|actress>film actress|film company owner|actress>musical comedy actress|producer|actress>theatre actress,The Netherlands,18,February,1873.0,29,November,1943.0
9,1352,Agnes Christine Johnston,A. C. Johnson|Agnes Christine Johnson|Agnes C. Johnson|Agnes Johnston|Agnes C. Johnston|Mrs. Frank Mitchell Dazey,https://wfpp.columbia.edu/person/agnes-christine-johnston/,https://wfpp.columbia.edu/wp-content/uploads/CCP_FIG167_Johnston_WFP-JOHN021.jpg,adapter|writer>screenwriter>co-screenwriter|writer>playwright|writer>scenario writer|stenographer,United States,11,January,1896.0,19,July,1978.0
10,1353,Agnes Gavin,Agnes Kurtz|Agnes Adele Wangenheim,https://wfpp.columbia.edu/person/agnes-gavin/,,actress>film actress|writer>scenario writer|writer>screenwriter|actress>theatre actress,Australia,,,1872.0,9,January,1948.0
11,17526,Aili Kari,Aili Lucina Kari,https://wfpp.columbia.edu/person/aili-kari/,https://wfpp.columbia.edu/wp-content/uploads/2018/10/WFP2-KAR01-featured-image.jpg,accountant>chief accountant|actress>film actress|office manager|secretary>production secretary|actress>theatre actress,Finland,22,April,1899.0,16,July,1994.0
12,10082,Aleksandra Khokhlova,Aleksandra Sergeevna Khokhlova|Aleksandra Botkina,https://wfpp.columbia.edu/person/aleksandra-khokhlova/,https://wfpp.columbia.edu/wp-content/uploads/2014/04/WFP2-KHOK01.jpg,educator>acting teacher|director>assistant director|director>co-director|educator>directing teacher|actress>film actress|writer,Russia and former Soviet Union,4,November,1897.0,22,August,1985.0
13,3,Alice B. Russell,Alice Burton Russell|Alice Micheaux,https://wfpp.columbia.edu/person/alice-b-russell/,https://wfpp.columbia.edu/wp-content/uploads/Women_as_Camera_Operators_WFP-ORD011.jpg,actress>film actress|musician|producer,United States,30,June,1889.0,1,January,1985.0
14,1354,Alice Guy Blaché,Alice Blache|Alice Guy|Alice Guy-Blaché,https://wfpp.columbia.edu/person/alice-guy-blache/,https://wfpp.columbia.edu/wp-content/uploads/CCP_FIGX_BLACHE_WFP-GUY161.jpg,director>assistant director|director>co-director|producer>co-producer|writer>screenwriter>co-screenwriter|film company owner|lecturer|secretary,France|United States,1,July,1873.0,24,March,1968.0
15,1358,Alice Howell,,https://wfpp.columbia.edu/person/alice-howell/,https://wfpp.columbia.edu/wp-content/uploads/CCP_FIG162_Howell_WFP-HOW031.jpg,comedienne|actress>film actress,United States,5,May,1892.0,11,April,1961.0
16,15780,Alice Smythe Jay,Alice Burton Jay|Alice Smythe Burton|Alice Smyth Jay,htEtps://wfpp.columbia.edu/person/alice-smythe-jay/,,musician>composer|entrepreneur|musician>film accompanist|film company owner>film music company owner|inventor|musician>recording artist,United States,,,,,,
17,1361,Alice Terry,Alice Taafe|Mrs. Rex Ingram,https://wfpp.columbia.edu/person/alice-terry/,https://wfpp.columbia.edu/wp-content/uploads/Terry_CCP_FIG229_WFP-TER021.jpg,director>co-director|extra|actress>film actress,United States,24,July,1900.0,22,December,1987.0
18,1362,Alicia Armstrong de Vicuña,,https://wfpp.columbia.edu/person/alicia-armstrong-de-vicuna/,,director,Chile,,,,,,
19,1363,Alla Nazimova,Alla Lavendera|Adelaide Leventon (real name)|Miriam Edez Adelaida Leventon|Alla Nasimoff (earlier stage name)|Peter M. Winters|Alla Lavendera|Adelaide Leventon (real name)|Miriam Edez Adelaida Leventon|Alla Nasimoff (earlier stage name)|Peter M. Winters,https://wfpp.columbia.edu/person/alla-nazimova/,https://wfpp.columbia.edu/wp-content/uploads/Nazimova_CCP_FIGX_WFP-NAZ041.jpg,art director|costume designer|director|editor|actress>film actress|producer|writer>screenwriter|set decorator|actress>theatre actress|title writer,United States,3,June,1879.0,13,July,1945.0
20,11009,Alma Reville,Mrs. Alfred Hitchcock,https://wfpp.columbia.edu/person/alma-reville/,https://wfpp.columbia.edu/wp-content/uploads/2016/04/Alma-Reville-featured-image-e1461941199404.jpg,director>assistant director|continuity|editor|actress>film actress|writer>screenwriter|director>second assistant director,Great Britain|United States,14,August,1899.0,6,July,1982.0
21,16842,Aloha Wanderwell Baker,Aloha Wanderwell|Aloha Baker|Idris Galcia Hall,https://wfpp.columbia.edu/person/aloha-wanderwell-baker/,https://wfpp.columbia.edu/wp-content/uploads/2018/06/WFP-BAKER01-featured-image.jpg,cinematographer|director|filmmaker>documentary maker|filmmaker>ethnographic filmmaker|actress>film actress|editor>film cutter|lecturer|visual artist>photographer|producer|filmmaker>travelogue filmmaker|writer,United States,13,October,1906.0,3,June,1996.0
22,10677,Alva Lundin,Alva Lindbom|Alva Lindbohm,https://wfpp.columbia.edu/person/alva-lundin/,https://wfpp.columbia.edu/wp-content/uploads/2014/09/WFP2-LUN04.jpg,title designer|title writer,Sweden,11,May,1889.0,4,February,1972.0
23,17671,Angela Murray Gibson,,https://wfpp.columbia.edu/person/angela-murray-gibson/,https://wfpp.columbia.edu/wp-content/uploads/2018/11/Murray-Gibson-featured-image-e1542035684784.jpg,director|actress>film actress|film company owner|cinematographer>camerawoman>newsreel camerawoman|producer|writer>screenwriter|studio head|actress>theatre actress,United States,29,June,1878.0,22,October,1953.0
24,1364,Ángela Ramos de Rotalde,,https://wfpp.columbia.edu/person/angela-ramos-de-rotalde/,,writer>journalist|writer>screenwriter,Peru,6,June,1896.0,26,July,1988.0
25,1365,Anita Loos,Mrs. John Emerson|Corrine Anita Loos|J. Emerson Loos|Anita Luus,https://wfpp.columbia.edu/person/anita-loos/,https://wfpp.columbia.edu/wp-content/uploads/Loos_CCP_FIG179_WFP-LOO011.jpg,producer>co-producer|writer>screenwriter>co-screenwriter|actress>film actress|writer>novelist|writer>playwright|writer>source author,United States,26,April,1888.0,18,August,1981.0
26,21640,Anita Maris Boggs,Anita M. Boggs|Anita Uada Maris Boggs,https://wfpp.columbia.edu/person/anita-maris-boggs/,https://wfpp.columbia.edu/wp-content/uploads/2020/06/WFP-BOG01-featured-image-e1593186163159.jpg,business partner>business co-founder|distributor,United States,14,November,1888.0,13,July,1937.0
27,1366,Anita Stewart,Anna Marie Stewart|Anna Steward|Mrs. Rudolph Cameron|Mrs. George Converse,https://wfpp.columbia.edu/person/anita-stewart/,https://wfpp.columbia.edu/wp-content/uploads/CCP_Stewart_WFP-STE061.jpg,company director|musician>composer|actress>film actress|writer>novelist|producer|musician>singer,United States,7,February,1895.0,4,May,1961.0
28,13804,Anna Hofman-Uddgren,Anna Maria Hammarström|Anna Hofman|Madame X,https://wfpp.columbia.edu/person/anna-hofman-uddgren/,https://wfpp.columbia.edu/wp-content/uploads/2017/02/WFP2-HOF01-featured-image.jpg,writer>screenwriter>co-screenwriter|exhibitor|actress>film actress|actress>theatre actress|director>theatre director,Sweden,23,February,1868.0,1,June,1947.0
29,6,Anne Bauchens,,https://wfpp.columbia.edu/person/anne-bauchens/,,editor,United States,2,February,1882.0,7,May,1967.0
30,1367,Annette Kellerman,Annette Kellermann|Annette Marie Sarah Kellerman|Mrs. James Sullivan,https://wfpp.columbia.edu/person/annette-kellerman/,https://wfpp.columbia.edu/wp-content/uploads/Kellerman_CCP_FIG168H_WFP-KELA081.jpg,casting director|director>co-director|writer>screenwriter>co-screenwriter|costume designer|actress>film actress|stunt designer|stunt person|actress>theatre actress,Australia|United States,6,July,1887.0,5,November,1975.0
31,1368,Anzia Yezierska,The sweatshop Cinderella,https://wfpp.columbia.edu/person/anzia-yezierska/,https://wfpp.columbia.edu/wp-content/uploads/2012/02/WFP-YEZ01.jpg,writer>screenwriter>co-screenwriter|writer>novelist|writer>source author,United States,,,1880.0,22,November,1970.0
32,14793,Asta Nielsen,Asta Nielsen-Gad,https://wfpp.columbia.edu/person/asta-nielsen-2/,https://wfpp.columbia.edu/wp-content/uploads/2017/06/WFP2-NIE05.jpg,actress>film actress|film company owner|producer|actress>theatre actress,Denmark|Germany,11,September,1881.0,24,May,1972.0
33,1705,Aud Egede-Nissen,Mrs. Georg Alexander|Aug Egede-Nissen|Aud Richter|Mrs. Paul Richter,https://wfpp.columbia.edu/person/aud-egede-nissen/,https://wfpp.columbia.edu/wp-content/uploads/2012/01/WFP2-EGE01.jpg,actress>film actress|film company owner|producer|actress>theatre actress,Denmark|Germany|Norway,30,May,1893.0,15,November,1974.0
34,20329,Audrey Forfar Shippam,,https://wfpp.columbia.edu/person/audrey-forfar-shippam/,https://wfpp.columbia.edu/wp-content/uploads/2019/11/WFP-BEST02-featured-image.jpg,camera operator|filmmaker>nonfiction filmmaker|visual artist>photographer,United States,24,March,1883.0,13,July,1975.0
35,1386,Beatrice deMille,Beatrice C. deMille|Agnes Graham|Matilda Beatrice Samuel|Tillie Samuel|Mrs. Henry deMille,https://wfpp.columbia.edu/person/beatrice-demille/,https://wfpp.columbia.edu/wp-content/uploads/DeMille_CCP_FIG123_WFP-DEM011.jpg,agent|writer>screenwriter>co-screenwriter|play broker|writer>playwright|actress>theatre actress|entrepreneur>theatrical entrepreneur,United States,30,January,1853.0,8,October,1923.0
36,12539,Beatrice Maude Tildesley,,https://wfpp.columbia.edu/person/beatrice-maude-tildesley/,https://wfpp.columbia.edu/wp-content/uploads/2016/06/WFP2-TILD01.jpg,critic>film critic|film society co-founder|secretary>film society secretary|international women's organizations film correspondent|writer>journalist|critic>theatre critic,Australia,27,September,1886.0,26,January,1977.0
37,1387,Beatriz Michelena,Beatrize Michelena|Beatrice Michelena|Mrs. George Middleton,https://wfpp.columbia.edu/person/beatriz-michelena/,https://wfpp.columbia.edu/wp-content/uploads/2013/07/WFP-MIC02.jpg,company director|actress>film actress|producer|musician>singer|stunt person,United States,22,February,1890.0,10,October,1942.0
38,15432,Bedia Muvahhit,Bedia Şekip,https://wfpp.columbia.edu/person/bedia-muvahhit/,https://wfpp.columbia.edu/wp-content/uploads/2017/10/WFP2-MUV04-featured-image-e1509375770869.jpg,actress>film actress|actress>theatre actress,Turkey,16,January,1897.0,20,January,1994.0
39,1388,Bertha Muzzy Bower,B. M. Bower|Mrs. Clayton Bower|Bertha Muzzy Sinclair|Mrs. Bertrand W. Sinclair|Bertrand W. Sinclair|B. M. Sinclair|Mrs. Robert Elsworth Cowan,https://wfpp.columbia.edu/person/bertha-muzzy-bower/,https://wfpp.columbia.edu/wp-content/uploads/CCP_Bower_FIGX_WFP-BOW021.jpg,writer>novelist|writer>scenario writer|writer>screenwriter|writer>source author,United States,15,November,1871.0,22,July,1940.0
40,21480,Berthe Thuillier,Marie-Berthe Thuillier|Berthe Thuillier|Mlle B.T.|Berthe Boutier|Veuve Beaupuy,https://wfpp.columbia.edu/person/berthe-thuillier/,,film colorist|visual artist>photographer,France,,,1867.0,,,1947.0
41,1389,Bess Meredyth,Helen MacGlashan|Mrs. Wilfred Lucas|Mrs. Michael Curtiz,https://wfpp.columbia.edu/person/bess-meredyth/,https://wfpp.columbia.edu/wp-content/uploads/Meredyth_CCP_FIG193_WFP-MER021.jpg,adapter|director>co-director|writer>screenwriter>co-screenwriter|comedienne|continuity|extra|actress>film actress|editor>film cutter|actress>musical comedy actress|writer>novelist|writer>scenario writer|writer>source author|title writer,Australia|United States,12,February,1890.0,13,July,1969.0
42,1390,Bessie Barriscale,Mrs. Howard Hickman|Elizabeth Barry Scale,https://wfpp.columbia.edu/person/bessie-barriscale/,https://wfpp.columbia.edu/wp-content/uploads/Barriscale_CCP_FIG110_WFP-BARR021.jpg,accountant|actress>film actress|film company founding partner|producer|actress>theatre actress,United States,8,December,1885.0,30,June,1965.0
43,1393,Beta Breuil,Beta Breil|Betta Breuil|Botta Breuil|Mrs. Breuil|Mrs. Hartmann Breuil|Beta Brevil|Elizabeth Donner Van der Veer|Mrs. Frank M. Willard,https://wfpp.columbia.edu/person/beta-breuil/,https://wfpp.columbia.edu/wp-content/uploads/2013/08/WFP-BRE01.jpg,editor>scenario editor>chief scenario editor|director|producer|writer>scenario writer,United States,,,1876.0,,,
44,21748,Betty Burbridge,Elizabeth Burbridge,https://wfpp.columbia.edu/person/betty-burbridge/,https://wfpp.columbia.edu/wp-content/uploads/2020/08/WFP-BUR02-1-e1597075627555.jpg,continuity|actress>film actress|writer>source author>original story writer|writer>scenario writer|writer>screenwriter,United States,12,December,1894.0,19,September,1987.0
45,22251,Beulah Livingstone,Beulah Livingstone Frank,https://wfpp.columbia.edu/person/beulah-livingstone/,https://wfpp.columbia.edu/wp-content/uploads/2020/11/WFP-LIV01.jpg,writer>journalist|publicist>motion picture press agent|publicist>motion picture publicity department director|writer>novelist>short story writer|theatrical manager,United States,29,May,1886.0,12,January,1975.0
46,1394,Beulah Marie Dix,Mrs. George H. Flebbe,https://wfpp.columbia.edu/person/beulah-marie-dix/,https://wfpp.columbia.edu/wp-content/uploads/2013/08/Dix_CCP_FIG124_WFP-DIX021-269x300.jpg,adapter|writer>novelist|writer>playwright|writer>screenwriter|title writer,United States,25,December,1876.0,25,September,1970.0
47,13883,Bianca Virginia Camagni,,https://wfpp.columbia.edu/person/bianca-virginia-camagni/,https://wfpp.columbia.edu/wp-content/uploads/2017/02/WFP2-CAM01-e1493400333739.jpg,director|actress>film actress|producer|writer>screenwriter,Italy,17,July,1885.0,8,September,1960.0
48,1399,Blanche MacIntosh,Blanche MacIntosh Hubbard|Blanche Mary MacIntosh|Blanche McIntosh,https://wfpp.columbia.edu/person/blanche-macintosh/,,adapter|reader|writer>scenario writer|writer>screenwriter,Great Britain,19,July,1877.0,18,November,1954.0
49,1323,Blanche Sewell,,https://wfpp.columbia.edu/person/blanche-sewell/,https://wfpp.columbia.edu/wp-content/uploads/2013/07/WFP-SEW01.jpg,editor>film cutter,United States,27,October,1898.0,2,February,1949.0
50,1400,Bradley King,Josephine McLaughlin|Mrs. John Griffith Wray|Bradley King Wray|Mrs. George Hiram Boyd,https://wfpp.columbia.edu/person/bradley-king/,https://wfpp.columbia.edu/wp-content/uploads/King_CCP_FIG169_WFP-KIN021.jpg,writer>playwright|writer>scenario writer|writer>screenwriter|stenographer,United States,8,July,1894.0,,,
51,1403,Cándida Beltrán Rendón,Candelaria Beltrán Rendón,https://wfpp.columbia.edu/person/candida-beltran-rendon/,https://wfpp.columbia.edu/wp-content/uploads/Latin_America_CCP_FIG257_WFP-REN011.jpg,musician>composer|director|actress>film actress|producer|writer>screenwriter|set designer,Mexico,2,February,1898.0,,,1985.0
52,1404,Carmen Cartellieri,Franziska Ottilia Cartellieri|Carmen Teschen|Mrs. Emanuel Ziffer Edler von Teschenbruck|Mrs. Mano Ziffer-Teschenbruck,https://wfpp.columbia.edu/person/carmen-cartellieri/,https://wfpp.columbia.edu/wp-content/uploads/2013/08/WFP2-CART09.jpg,writer>screenwriter>co-screenwriter|actress>film actress|producer|actress>theatre actress,Austria|Germany|Hungary,28,June,1891.0,17,October,1953.0
53,1405,Carmen Santos,Maria do Carmo Santos,https://wfpp.columbia.edu/person/carmen-santos/,https://wfpp.columbia.edu/wp-content/uploads/2013/08/WFP-SANT08.jpg,director|actress>film actress|film company founding partner|producer|writer>screenwriter,Brazil,,,1904.0,24,September,1952.0
54,1406,Carmen Toscano,Carmen Toscano Escobedo|Carmen Toscano de Moreno Sánchez|Mrs. Manuel Moreno Sanchez,https://wfpp.columbia.edu/person/carmen-toscano/,,director|filmmaker>documentary maker|editor|writer>playwright|writer>poet|preservationist|producer|writer>screenwriter,Mexico,19,October,1910.0,14,January,1988.0
55,1407,Caroline Frances Pugliese,,https://wfpp.columbia.edu/person/caroline-frances-pugliese/,,cinema proprietor|producer>executive producer|business partner>family business partner>family film business partner|exhibitor>motion picture exhibitor,Australia,17,February,1865.0,4,May,1940.0
56,1408,Caroline Lejeune,C.A. L.|C.A. Lejeune|Mrs. Edward Roffe Thompson,https://wfpp.columbia.edu/person/caroline-lejeune/,,critic>film critic,Great Britain,,,1897.0,,,1973.0
57,10571,Caroline van Dommelen,Caroline van Lancker-van Dommelen,https://wfpp.columbia.edu/person/caroline-van-dommelen/,https://wfpp.columbia.edu/wp-content/uploads/2014/11/WFP2-DOMM01-e1416410788352.jpg,director>co-director|actress>film actress|writer>journalist|writer>playwright|writer>screenwriter|actress>theatre actress|director>theatre director,The Netherlands,9,November,1874.0,4,March,1957.0
58,14923,Christiane Mendelys,Christiane Wague|Clotilde Marigaux|Christiane Mandelys|Christiane Mendelyes|“Le Rat du Moulin”,https://wfpp.columbia.edu/person/christiane-mendelys/,https://wfpp.columbia.edu/wp-content/uploads/2017/08/WFP2-MEND09-featured-image.jpg,musician>composer|actress>film actress|critic>film critic|pantomime|scenarist|writer>screenwriter|actress>theatre actress,France,3,December,1873.0,18,May,1957.0
59,11135,Cissy Fitzgerald,Marie Kathleen Cecilia Fitzgerald|Mrs. Oliver Mark Tucker|The Girl with the Wink,https://wfpp.columbia.edu/person/cissy-fitzgerald/,https://wfpp.columbia.edu/wp-content/uploads/2014/08/WFP-FITZ01.jpg,dancer|actress>film actress|film company owner|producer|actress>theatre actress,United States,1,February,1873.0,10,May,1941.0
60,1409,Clara Beranger,Clara S. Beranger|Charles S. Beranger|Mrs. William DeMille|Mrs. Albert B. Berwanger,https://wfpp.columbia.edu/person/clara-beranger/,https://wfpp.columbia.edu/wp-content/uploads/How_Women_Worked_Fig40_WFP-BERA011.jpg,adapter|scenarist|writer>screenwriter,United States,14,January,1886.0,10,September,1956.0
61,1411,Clara Kimball Young,,https://wfpp.columbia.edu/person/clara-kimball-young/,https://wfpp.columbia.edu/wp-content/uploads/2011/11/WFP-YOU07.jpg,actress>film actress|producer|actress>theatre actress,United States,6,September,1890.0,15,October,1960.0
62,1418,Clare West,Clair West|Claire West,https://wfpp.columbia.edu/person/clare-west/,https://wfpp.columbia.edu/wp-content/uploads/2011/11/WFP-WES02.jpg,costume designer,United States,30,January,1879.0,13,March,1961.0
63,17726,Cleo de Verberena,Jacyra Martins da Silveira,https://wfpp.columbia.edu/person/cleo-de-verberena/,https://wfpp.columbia.edu/wp-content/uploads/2018/11/WFP-VER06-e1542400402414.jpg,director|actress>film actress|film company founding partner|film company owner,Brazil,26,June,1904.0,6,October,1972.0
64,1420,Cleo Madison,Lulu Bailey|Lulu Peake,https://wfpp.columbia.edu/person/cleo-madison/,https://wfpp.columbia.edu/wp-content/uploads/Madison_CCP_FIGX_WFP-MAD031.jpg,director>co-director|producer>co-producer|writer>screenwriter>co-screenwriter|actress>film actress|actress>theatre actress,United States,26,March,1883.0,11,March,1964.0
65,1421,Constance Talmadge,,https://wfpp.columbia.edu/person/constance-talmadge/,https://wfpp.columbia.edu/wp-content/uploads/2012/08/constance-talmage.jpg,actress>film actress|producer,United States,19,April,1898.0,23,November,1973.0
66,20328,Cora Johnstone Best,,https://wfpp.columbia.edu/person/cora-johnstone-best/,https://wfpp.columbia.edu/wp-content/uploads/2019/11/WFP-BEST02-featured-image.jpg,lecturer,United States,,,1878.0,19,November,1930.0
67,1423,Corinne Griffith,Corinne Griffin|Mrs. Walter Morosco|Mrs. Webster Campbell|Mrs. George Marshall|Mrs. Danny Scholl,https://wfpp.columbia.edu/person/corinne-griffith/,https://wfpp.columbia.edu/wp-content/uploads/Griffith_CCP_FIG150B_WFP-GRI051.jpg,company director|musician>composer|actress>film actress|producer|actress>theatre actress|writer,United States,21,November,1894.0,13,July,1979.0
68,1434,Cube Bonifant,Luz Alba|Aura Stella,https://wfpp.columbia.edu/person/cube-bonifant/,https://wfpp.columbia.edu/wp-content/uploads/2012/02/WFP-BON01.jpg,extra|actress>film actress|critic>film critic|writer,Mexico,,,1904.0,,August,1993.0
69,10466,Daisy Sylvan,Elena Mazzantini|Mrs. Francesco Rosso,https://wfpp.columbia.edu/person/daisy-sylvan-2/,https://wfpp.columbia.edu/wp-content/uploads/2014/07/02-e1407252228265.jpg,director|actress>film actress|producer,Italy,12,July,1874.0,19,May,1946.0
70,15245,Diana Karenne,Leukadia (or Leucadia) Konstantin|Anna Karènne|Diana Karren,https://wfpp.columbia.edu/person/diana-karenne/,https://wfpp.columbia.edu/wp-content/uploads/2017/09/Diana-Karenne-Featured-Image.jpg,director|extra|actress>film actress|film company owner|producer|writer>screenwriter,France|Germany|Italy,,,1888.0,14,October,1940.0
71,1350,Dolores Ehlers,,https://wfpp.columbia.edu/person/dolores-ehlers/,https://wfpp.columbia.edu/wp-content/uploads/2012/02/WFP-ELH01.jpg,camera operator|director|filmmaker>documentary maker|equipment sales|filmmaker>ethnographic filmmaker|government department head|laboratory worker|visual artist>photographer|producer,Mexico|United States,17,October,1896.0,13,December,1983.0
72,4692,Dorothea Baird,Mrs. H.B. Iriving,https://wfpp.columbia.edu/person/dorothea-baird/,https://wfpp.columbia.edu/wp-content/uploads/2013/08/WFP2-BAI03.jpg,actress>film actress|writer>screenwriter|actress>theatre actress,Great Britain,20,May,1875.0,24,September,1933.0
73,20799,Dorothea Donn-Byrne,Dolly Byrne|Dolly Donn-Byrne|Dolly Donn Byrne|Dorothea Cadogan|Dorothea Donn Byrne|Dorothea Mary Cadogan|Dorothea Mary Elizabeth Antonia Cadogan|Dorothea Mary Elizabeth Cadogan Byrne|Dorothy Cadogan|Dorothy Craig|Dorothy Mary Cadogan|Mrs. Donn Byrne.,https://wfpp.columbia.edu/person/dorothea-donn-byrne/,https://wfpp.columbia.edu/wp-content/uploads/2020/01/Dorothea-featured-image.jpg,adapter|writer>source author>original story writer|writer>playwright|actress>theatre actress,Great Britain|Ireland|United States,,,1888.0,,,1963.0
74,13054,Dorothea Mitchell,“Lady Lumberjack”,https://wfpp.columbia.edu/person/dorothea-mitchell/,https://wfpp.columbia.edu/wp-content/uploads/2016/07/WFP2-MIT03-featured-image.jpg,filmmaker>amateur filmmaker|amateur filmmaking club co-founder|camera operator|director|editor|actress>film actress|film society co-founder|producer|writer>screenwriter|writer>source author|title writer,Canada,1,June,1877.0,2,February,1976.0
75,1435,Dorothy Arzner,,https://wfpp.columbia.edu/person/dorothy-arzner/,https://wfpp.columbia.edu/wp-content/uploads/Arzner_CCP_FIG106_WFP-ARZ141.jpg,director|editor>film cutter|writer>screenwriter,United States,3,January,1897.0,1,October,1979.0
76,1441,Dorothy Davenport Reid,Dorothy Davenport|Mrs. Wallace Reid|Jr.|Dorothy Reid,https://wfpp.columbia.edu/person/dorothy-davenport-reid/,https://wfpp.columbia.edu/wp-content/uploads/2011/11/How_Women_Worked_Fig5_WFP-DAV041-covercrop.jpg,director|actress>film actress|producer|writer>screenwriter,United States,13,March,1895.0,12,October,1977.0
77,1450,Dorothy Farnum,Mrs. Maurice Barber,https://wfpp.columbia.edu/person/dorothy-farnum/,https://wfpp.columbia.edu/wp-content/uploads/CCP_Farnum_FIG134B_WFP-FARN011-e1322805644298.jpg,adapter|actress>film actress|writer>scenario writer|writer>screenwriter,Great Britain|France|United States,10,June,1896.0,,January,1970.0
78,1453,Dorothy Gordon,Andrea Dorothy Gordon Jenner|Andrea,https://wfpp.columbia.edu/person/dorothy-gordon/,https://wfpp.columbia.edu/wp-content/uploads/2012/02/WFP-GOR06portrait.jpg,art director|chorus girl|writer>screenwriter>co-screenwriter|dressmaker|extra|actress>film actress|production assistant|reader|stunt person,Australia|United States,1,March,1891.0,24,March,1985.0
79,1454,Dorothy Yost,Mrs. Dwight Cummings,https://wfpp.columbia.edu/person/dorothy-yost/,https://wfpp.columbia.edu/wp-content/uploads/2011/11/WFP-YOS011.jpg,adapter|writer>novelist|reader|writer>scenario writer|writer>screenwriter|secretary|title writer,United States,25,April,1899.0,10,June,1967.0
80,1457,Dot Farley,Dorothea Farley|Dorothy Farley,https://wfpp.columbia.edu/person/dot-farley/,https://wfpp.columbia.edu/wp-content/uploads/2011/11/WFP-FAR01.jpg,director|actress>film actress|actress>musical comedy actress|writer>scenario writer|writer>screenwriter,United States,6,February,1881.0,2,May,1971.0
81,1110,Drusilla Dunjee Houston,,https://wfpp.columbia.edu/person/drusilla-dunjee-houston/,,writer>journalist|musician|writer>screenwriter,United States,20,January,1876.0,8,February,1941.0
82,1458,Elena Sánchez Valenzuela,,https://wfpp.columbia.edu/person/elena-sanchez-valenzuela/,https://wfpp.columbia.edu/wp-content/uploads/CCP_FIG259_Sanchez_WFP-SANC011.jpg,director|filmmaker>documentary maker|actress>film actress|critic>film critic|writer>journalist|preservationist,Mexico,,,1900.0,,,1950.0
83,14097,Eliane Tayar,,https://wfpp.columbia.edu/person/eliane-tayar/,https://wfpp.columbia.edu/wp-content/uploads/2017/04/WFP2-TAY01.jpg,director>assistant director|director>co-director|filmmaker>documentary maker|extra|actress>film actress|critic>film critic|writer>journalist|writer>screenwriter,France,18,July,1904.0,6,September,1986.0
84,1459,Elinor Glyn,Elinor Sutherland|Madame Glyn,https://wfpp.columbia.edu/person/elinor-glyn/,https://wfpp.columbia.edu/wp-content/uploads/Glyn_CCP_FIG141_WFP-GLY021.jpg,adapter|consultant|director|extra|film company owner|writer>journalist|writer>novelist|producer|production supervisor|writer>screenwriter|writer>source author,Great Britain|United States,17,October,1864.0,23,September,1943.0
85,21479,Élisabeth Thuillier,Élisabeth Aléné|Veuve Thuillier,https://wfpp.columbia.edu/person/elisabeth-thuillier/,,film colorist,France,,,1841.0,7,July,1907.0
86,1466,Elizabeth B. Grimball,,https://wfpp.columbia.edu/person/elizabeth-b-grimball/,https://wfpp.columbia.edu/wp-content/uploads/Grimball_CCP_FIG153_WFP-GRIM011.jpg,writer>playwright|producer|writer>scenario writer|actress>theatre actress|director>theatre director|entrepreneur>theatrical entrepreneur,United States,30,August,1875.0,,,1953.0
87,1468,Elizabeth Chevalier Pickett,Elizabeth Chevalier,https://wfpp.columbia.edu/person/elizabeth-chevalier-pickett/,https://wfpp.columbia.edu/wp-content/uploads/Pickett_ccp_figx_WFP-PICK011.jpg,director|filmmaker>documentary maker|writer>novelist|writer>screenwriter,United States,25,March,1896.0,3,January,1984.0
88,14897,Elizabeth McGaffey,Bessie McGaffey|E.B. McGaffey,https://wfpp.columbia.edu/person/elizabeth-mcgaffey/,https://wfpp.columbia.edu/wp-content/uploads/2017/08/WFP-MCG01.jpg,head of studio research department|writer>journalist|play reader|researcher|writer>screenwriter|script reader|studio librarian|actress>theatre actress,United States,17,January,1875.0,13,March,1944.0
89,21098,Elizaveta Svilova,Elizaveta Schnitt|Elizaveta Vertova-Svilova|Yelizaveta Ignatevna Svilova|Yelizaveta Svilova,https://wfpp.columbia.edu/person/elizaveta-svilova/,https://wfpp.columbia.edu/wp-content/uploads/2020/02/Svilova-Editing-MWAMC-frame-grab.jpeg,preservationist>archivist|director>assistant director|director>co-director|editor,Russia and former Soviet Union,5,September,1900.0,11,November,1975.0
90,12602,Ellen O’Mara Sullivan,Ellen O’Mara|Nell O’Mara|Ellen O’Mara Sullivan|Nell O’Mara Sullivan|Nell Sullivan|Mrs. E. Sullivan,https://wfpp.columbia.edu/person/ellen-omara-sullivan/,https://wfpp.columbia.edu/wp-content/uploads/2016/05/WFP2-OMARA01.jpg,company director>company co-director|distributor|film company founding partner|film company owner|producer,Ireland|United States,6,June,1882.0,17,May,1919.0
91,4,Eloyce King Patrick Gist,,https://wfpp.columbia.edu/person/eloyce-king-patrick-gist/,,director>co-director|producer>co-producer|writer>screenwriter>co-screenwriter|editor,United States,21,October,1892.0,,,1974.0
92,10776,Elsa Chauvel,Elsie May Wilcox|Elsa Silveni/Sylvaney|Ann Wynn,https://wfpp.columbia.edu/person/elsa-chauvel/,https://wfpp.columbia.edu/wp-content/uploads/2015/07/WFP-CHAU02.jpg,director>assistant director|producer>assistant producer|writer>screenwriter>co-screenwriter|continuity|costume designer|dialogue director|actress>film actress|make-up supervisor|production assistant|stunt person|actress>theatre actress,Australia|United States,10,February,1898.0,,August,1983.0
93,1470,Elsie Jane Wilson,Mrs. Rupert Julian,https://wfpp.columbia.edu/person/elsie-jane-wilson/,,director|actress>film actress|writer>screenwriter,United States,7,November,1890.0,16,January,1965.0
94,12268,Elvira Giallanella,,https://wfpp.columbia.edu/person/elvira-giallanella/,https://wfpp.columbia.edu/wp-content/uploads/2015/06/WFP2-GIA01.jpg,director|distributor|film company owner|producer|writer>screenwriter,Italy,10,July,1885.0,15,September,1965.0
95,1472,Elvira Notari,Elvira Coda Notari|The General,https://wfpp.columbia.edu/person/elvira-notari/,https://wfpp.columbia.edu/wp-content/uploads/2011/12/WFP2-NOT02featured.jpg,educator>acting teacher|adapter|director>co-director|distributor|actress>film actress|film company owner|producer|writer>screenwriter,Italy,10,February,1875.0,17,December,1946.0
96,9728,Emilia Saleny,Josefina Emilia Saleny|Emilia Saleny Ferrari,https://wfpp.columbia.edu/person/emilia-saleny-2/,https://wfpp.columbia.edu/wp-content/uploads/2013/12/WFP-SAL01-e1391529109275.jpg,educator>acting teacher|director|actress>film actress|actress>theatre actress,Argentina,26,June,1894.0,22,August,1978.0
97,17864,Emilie Sannom,Mille|Emilie Kristine Valborg Sannom,https://wfpp.columbia.edu/person/emilie-sannom/,https://wfpp.columbia.edu/wp-content/uploads/2018/11/WFP2-SANN07-e1544821231224.jpg,actress>film actress|writer>screenwriter|stunt designer|stunt person|actress>theatre actress,Denmark|Germany|Italy,29,September,1886.0,30,August,1931.0
98,11709,Emma Gendron,Manon|Mrs. Allan Robert Green,https://wfpp.columbia.edu/person/emma-gendron/,,writer>journalist|writer>playwright|writer>screenwriter,Canada,,,1895.0,,,1953.0
99,9897,Encarnacion Rosa Scott,Mrs. Walter Comrie Scott,https://wfpp.columbia.edu/person/encarnacion-rosa-scott/,,distributor>distribution company founder|distributor>distribution company managing director|film company shareholder|distributor>film dealer|film printing company managing director|distributor>film renter,Great Britain,,,1887.0,4,December,1953.0
100,1474,Enid Lorimer,Enid Bosworth Nunn|Mrs. Wentworth Zerffi,https://wfpp.columbia.edu/person/enid-lorimer/,,business partner>business co-owner|writer>screenwriter>co-screenwriter|scenarist|actress>theatre actress|entrepreneur>theatrical entrepreneur|title writer,Great Britain,27,December,1887.0,15,July,1982.0
101,1476,Esfir Shub,Eshter Il'inichna Shub,https://wfpp.columbia.edu/person/esfir-shub/,https://wfpp.columbia.edu/wp-content/uploads/2011/11/WFP2-SHU02.jpg,director|filmmaker>documentary maker|editor|writer>screenwriter,Russia and former Soviet Union,16,March,1894.0,21,September,1959.0
102,1114,Eslanda Robeson,Eslanda Cardozo Goode Robeson,https://wfpp.columbia.edu/person/eslanda-robeson/,https://wfpp.columbia.edu/wp-content/uploads/African_American_Women_in_the_Silent_Film_Industry_WFP-ROB031.jpg,actress>film actress|agent>talent manager|writer,United States,15,December,1896.0,,,1965.0
103,11357,Esterina Zuccarone,,https://wfpp.columbia.edu/person/esterina-zuccarone/,,editor|forewoman|laboratory worker|metalworker|seamstress|technician,Italy,7,July,1904.0,24,September,1998.0
104,10420,Esther Eng,Ng Kam Ha 伍錦霞,https://wfpp.columbia.edu/person/esther-eng/,https://wfpp.columbia.edu/wp-content/uploads/2014/07/WFP2-ENG07.jpg,director>co-director|distributor|producer|writer>screenwriter,China|United States,24,September,1914.0,25,January,1970.0
105,1478,Ethel Grandin,Mrs. Ray Smallwood,https://wfpp.columbia.edu/person/ethel-grandin/,https://wfpp.columbia.edu/wp-content/uploads/2011/11/WFP-GRAN03.jpg,actress>film actress|film company founding partner|producer|actress>theatre actress,United States,3,March,1894.0,7,September,1988.0
106,1480,Eugenie Magnus Ingleton,Anne Eugenie Magnus|Eugenie Leonard|Mrs. Fred W. Leonard|E. M. Ingleton|E. Magnus Ingleton|Mrs. Eugenie Ingleton,https://wfpp.columbia.edu/person/eugenie-magnus-ingleton/,https://wfpp.columbia.edu/wp-content/uploads/2020/01/Eugenie_Magnus_Ingleton_1915.jpg,adapter|director|producer|editor>scenario editor|writer>scenario writer|writer>screenwriter|actress>theatre actress,United States,24,April,1874.0,3,August,1936.0
107,21695,Eva Nil,Eva Comello,https://wfpp.columbia.edu/person/eva-nil/,https://wfpp.columbia.edu/wp-content/uploads/2020/07/WFP2-NIL01-scaled.jpg,actress>film actress|film company owner|producer,Brazil,25,June,1909.0,15,August,1990.0
108,1481,Eve Unsell,Mrs. Lester Blankfield|Oliver W. Geoffreys|E. M. Unsell,https://wfpp.columbia.edu/person/eve-unsell/,https://wfpp.columbia.edu/wp-content/uploads/2012/02/WFP-UNS01.jpg,adapter|company director|continuity|editor|play reader|writer>scenario writer|writer>screenwriter|actress>theatre actress,United States,6,December,1887.0,6,July,1937.0
109,11906,Fabienne Fabrèges,,https://wfpp.columbia.edu/person/fabienne-fabreges/,https://wfpp.columbia.edu/wp-content/uploads/2014/09/WFP2-FAB02.jpg,director|actress>film actress|writer>screenwriter|actress>theatre actress,France|Italy,,,,,,
110,14312,Fan Xuepeng,范雪朋|姚雄飛,https://wfpp.columbia.edu/person/fan-xuepeng/,https://wfpp.columbia.edu/wp-content/uploads/2017/05/WFP2-FAN04-featured-e1494880549630.jpg,actress>film actress|film company owner|producer|recording engineer|special effects designer|actress>theatre actress,China|China,,,1908.0,,,1974.0
111,10702,Fanchon Royer,Mrs. Ray Cannon|Mrs. Jack Gallagher,https://wfpp.columbia.edu/person/fanchon-royer-2/,https://wfpp.columbia.edu/wp-content/uploads/2014/11/WFP-ROY04.jpg,extra|critic>film critic|writer>journalist>magazine editor>film magazine editor|producer|publicist|agent>talent agent,United States,21,January,1902.0,13,December,1981.0
112,1483,Fay Tincher,,https://wfpp.columbia.edu/person/fay-tincher/,https://wfpp.columbia.edu/wp-content/uploads/Tincher_CCP_FIG235_WFP-TIN011.jpg,comedienne|director|actress>film actress|film company owner|producer|writer>screenwriter|actress>theatre actress,United States,17,April,1884.0,11,October,1983.0
113,10414,Fernanda Nissen,,https://wfpp.columbia.edu/person/fernanda-nissen/,,censor>film censor|writer>journalist|critic>theatre critic,Norway,15,August,1862.0,3,April,1920.0
114,1490,Flora Finch,,https://wfpp.columbia.edu/person/flora-finch/,https://wfpp.columbia.edu/wp-content/uploads/Finch_CPP_FIG135_WFP-FIN011-e1380208109660.jpg,comedienne|actress>film actress|film company owner|producer|actress>theatre actress,United States,17,June,1869.0,4,January,1940.0
115,1493,Florence Lawrence,Florence Annie Bridgwood|“Flo” Lawrence|“The Biograph Girl|Mrs. Harry Solter|Mrs. Charles Woodring|Mrs. Henry Bolton.,https://wfpp.columbia.edu/person/florence-lawrence/,https://wfpp.columbia.edu/wp-content/uploads/Lawrence_CCP_FIG172_WFP-LAW011.jpg,actress>film actress|producer|actress>theatre actress,United States,2,January,1886.0,27,December,1938.0
116,1497,Florence Turner,The Vitagraph Girl,https://wfpp.columbia.edu/person/florence-turner/,https://wfpp.columbia.edu/wp-content/uploads/Turner_CCP_FIG239_WFP-TURNE011.jpg,accountant|director|actress>film actress|film company owner|music hall performer|producer|writer>screenwriter|costume designer>wardrobe mistress,Great Britain|United States,6,January,1887.0,28,August,1946.0
117,17185,Frances Baker Farrell,Frances Baker|Frances Farrell|Frances Trench|Frances C. Trench|Frances Cautley Baker,https://wfpp.columbia.edu/person/frances-baker-farrell/,https://wfpp.columbia.edu/wp-content/uploads/2018/11/WFP2-FARR01.jpg,location scout|set designer|weaver,Ireland,,October,1902.0,,,1982.0
118,1499,Frances Marion,Frank M. Clifton (pseudonym used 1925–1928)|Francis Marion|Frances Marion Owen(s)|Marion Benson Owens|Marion Frances Owens,https://wfpp.columbia.edu/person/frances-marion/,https://wfpp.columbia.edu/wp-content/uploads/Marion_CCP_FIGX_WFP-MAR011.jpg,adapter|director>co-director|actress>film actress|writer>scenario writer|writer>screenwriter,United States,18,November,1888.0,12,May,1973.0
119,1506,Frances Taylor Patterson,,https://wfpp.columbia.edu/person/frances-taylor-patterson/,https://wfpp.columbia.edu/wp-content/uploads/2014/01/WFP-PAT01-e1389386006601.jpg,scholar>film scholar|writer>screenwriter,United States,,,,,,
120,16476,Francesca Bertini,Elena Seracini Vitiello|Elena Taddei Vitiello,https://wfpp.columbia.edu/person/francesca-bertini/,https://wfpp.columbia.edu/wp-content/uploads/2014/07/Bertini7.jpg,director|actress>film actress|producer|writer>screenwriter|actress>theatre actress,Italy,5,January,1892.0,13,October,1985.0
121,1507,Frederica Sagor Maas,Frederica Maas|Frederica Sagor|Frederica Alexandrina Sagor,https://wfpp.columbia.edu/person/frederica-sagor-maas/,https://wfpp.columbia.edu/wp-content/uploads/2012/02/WFP-MAA01.jpg,editor>scenario editor|writer>screenwriter,United States,6,July,1900.0,5,January,2012.0
122,1509,Gabriela von Bussenius Vega,The first Chilean female filmmaker|Mrs. Salvador Giambastiani|Gaby von Bussenius Vega,https://wfpp.columbia.edu/person/gaby-von-bussenius-vega/,https://wfpp.columbia.edu/wp-content/uploads/CCP_FIG263_Vega_WFP-VEG011.jpg,art director|critic>film critic|writer>journalist|writer>novelist|writer>playwright|producer|writer>screenwriter|writer>source author|director>theatre director,Chile,,,1901.0,28,January,1975.0
123,1511,Gale Henry,The Elongated Comedienne,https://wfpp.columbia.edu/person/gale-henry/,https://wfpp.columbia.edu/wp-content/uploads/Henry_CCP_FIG159A_WFP-HEN051.jpg,actress>film actress|producer|writer>scenario writer|actress>theatre actress,United States,15,April,1893.0,6,June,1972.0
124,21928,Gemma Bellincioni,Gemma Stagno-Bellincioni,https://wfpp.columbia.edu/person/gemma-bellincioni/,https://wfpp.columbia.edu/wp-content/uploads/2020/09/WFP2-BELL01.jpg,director|actress>film actress|musician>singer>opera singer|producer|writer>screenwriter,Italy,18,August,1864.0,24,April,1950.0
125,1519,Gene Gauntier,Mrs. Jack Clark|Genevieve G. Liggett|The first “Kalem Girl”,https://wfpp.columbia.edu/person/gene-gauntier/,https://wfpp.columbia.edu/wp-content/uploads/Gauntier_CPP_FIG137_WFP-GAU011.jpg,director>co-director|company director>company co-director|actress>film actress|producer|writer>scenario writer|writer>screenwriter|writer>source author,United States,17,May,1885.0,18,December,1966.0
126,12350,Georgette Méliès,Mademoiselle Méliès|Madame Méliès-Fix|Georgette Fontaine,https://wfpp.columbia.edu/person/georgette-melies/,https://wfpp.columbia.edu/wp-content/uploads/2016/10/WFP2-MELI01.jpg,camera operator|actress>film actress|projectionist|manager>theatre manager,France,22,March,1888.0,29,August,1930.0
127,1370,Gerd Egede-Nissen,,https://wfpp.columbia.edu/person/gerd-egede-nissen/,,actress>film actress,Denmark|Germany|Norway,,,1895.0,,,1988.0
128,12583,Gerda Hintze,Gerda Amanda Hintze,https://wfpp.columbia.edu/person/gerda-hintze/,https://wfpp.columbia.edu/wp-content/uploads/2016/05/WFP2-HIN01-featured-image-e1463064465753.jpg,writer>screenwriter,Finland,24,February,1905.0,22,February,1977.0
129,1523,Gertrude Atherton,Gertrude Franklin Horn Atherton,https://wfpp.columbia.edu/person/gertrude-atherton/,https://wfpp.columbia.edu/wp-content/uploads/2011/11/WFP-ATH01.jpg,writer>novelist|writer>screenwriter|writer>source author,United States,14,January,1858.0,,,1948.0
130,1524,Gertrude Homan Thanhouser,,https://wfpp.columbia.edu/person/gertrude-homan-thanhouser/,https://wfpp.columbia.edu/wp-content/uploads/2011/11/WFP-THA02.jpg,editor|executive|producer>executive producer|actress>film actress|film company founding partner|writer>screenwriter|secretary,United States,23,April,1882.0,29,May,1951.0
131,18173,Giulia Cassini-Rizzotto,,https://wfpp.columbia.edu/person/giulia-cassini-rizzotto/,https://wfpp.columbia.edu/wp-content/uploads/2019/05/WFP2-RIZ03.jpg,educator>acting teacher|director|actress>film actress|producer|writer>screenwriter|actress>theatre actress,Italy,15,June,1865.0,24,August,1943.0
132,12759,Gladys Hall,Elizabeth Ball|Gladys Ball|Janet Reid|Faith Service|Russell E. Smith,https://wfpp.columbia.edu/person/gladys-hall/,https://wfpp.columbia.edu/wp-content/uploads/2016/05/WFP-HALL01.jpg,writer>journalist>celebrity interviewer|writer>journalist>magazine editor>fan magazine editor|writer>journalist>fan magazine writer,United States,26,April,1891.0,18,September,1977.0
133,1525,Gladys Rosson,Gladys Rossen,https://wfpp.columbia.edu/person/gladys-rosson/,https://wfpp.columbia.edu/wp-content/uploads/2012/02/WFP-ROS01.jpg,accountant|secretary>executive secretary|secretary-treasurer|typist,United States,6,Februrary,1891.0,14,June,1953.0
134,1526,Gloria Swanson,Gloria May Josephine Svensson|Gloria Mae Swanson|Josephine Swenson|Mrs. Herbert Somborn|Mrs. Henri the Marquis de la Falaise de la Coudraye,https://wfpp.columbia.edu/person/gloria-swanson/,https://wfpp.columbia.edu/wp-content/uploads/Swanson_CCP_FIG226_WFP-SWA041.jpg,actress>film actress|producer,United States,27,March,1899.0,4,April,1983.0
135,1527,Grace Cunard,Harrier Milfred Jeffries|Mrs. Jack Shannon|The Master Pen,https://wfpp.columbia.edu/person/grace-cunard/,https://wfpp.columbia.edu/wp-content/uploads/Cunard_FIG116_WFP-CUN011.jpg,director>co-director|actress>film actress|writer>screenwriter,United States,8,April,1893.0,19,January,1967.0
136,14266,Greta Håkansson,,https://wfpp.columbia.edu/person/greta-hakansson/,https://wfpp.columbia.edu/wp-content/uploads/2016/12/WFP2-HAK01.jpg,musician>conductor|musician>film accompanist,Sweden,,,1890.0,,,1961.0
137,1528,Gurly Drangsholt,Gurly Anker-Holth|Mrs. Hamilton Murray,https://wfpp.columbia.edu/person/gurly-drangsholt/,https://wfpp.columbia.edu/wp-content/uploads/2013/09/WFP2-DRA01-covercrop2.png,director>assistant director|writer>screenwriter>co-screenwriter|head of production,Norway,23,May,1890.0,8,March,1960.0
138,1529,Gwladys: Marchioness of Townshend,G.E.G.E. Townshend of Raynham|The Marchioness of Townshend of Raynham|Gwladys Ethel Gwendolen Eugénie Sutherst|Gladys Ethyl Gwendolen Eugenia Sutherst Townshend,https://wfpp.columbia.edu/person/gwladys-marchioness-of-townshend/,https://wfpp.columbia.edu/wp-content/uploads/2012/02/WFP2-TOW2Dcovercrop.jpg,writer>novelist|writer>playwright|writer>scenario writer|writer>screenwriter,Great Britain,,,1884.0,10,October,1959.0
139,14908,Harriet Bloch,Harriet Fussing,https://wfpp.columbia.edu/person/harriet-bloch/,https://wfpp.columbia.edu/wp-content/uploads/2017/06/WFP2-BLO01.jpg,writer>screenwriter,Denmark|Germany|Sweden,26,July,1881.0,1,April,1975.0
140,1564,Harriet Parsons,,https://wfpp.columbia.edu/person/harriet-parsons/,,director|actress>film actress|writer>journalist|producer,United States,23,August,1906.0,2,January,1983.0
141,13509,Haydée Chikly,Haydée Tamzali|Haydée Chikli,https://wfpp.columbia.edu/person/haydee-chikly/,https://wfpp.columbia.edu/wp-content/uploads/2014/12/WFP2-CHIK01.jpg,actress>film actress|film colorist|editor>film cutter|writer>journalist|writer>screenwriter,Tunisia,23,August,1906.0,,August,1998.0
142,15770,Hazel Burnett,Hazel Wooden Manzor Burnett Megaw,https://wfpp.columbia.edu/person/hazel-burnett/,https://wfpp.columbia.edu/wp-content/uploads/2018/01/WFP-BURNE01-featured-image.jpg,musician>film accompanist,United States,12,September,1892.0,10,June,1973.0
143,1531,Helen Gardner,,https://wfpp.columbia.edu/person/helen-gardner/,https://wfpp.columbia.edu/wp-content/uploads/Gardner_CPP_FIG136_WFP-GAR011.jpg,director|actress>film actress|film company owner|producer|writer>scenario writer,United States,2,September,1884.0,20,November,1968.0
144,1532,Helen Holmes,Mrs. J.P. McGowan|Mrs. Lloyd Saunders,https://wfpp.columbia.edu/person/helen-holmes/,https://wfpp.columbia.edu/wp-content/uploads/Holmes_CCP_FIG161B_WFP-HOL011.jpg,animal trainer|producer>co-producer|director|actress>film actress|writer>screenwriter|stunt person,United States,7,July,1892.0,9,July,1950.0
145,1533,Helen Keller,Helen Adams Keller,https://wfpp.columbia.edu/person/helen-keller/,https://wfpp.columbia.edu/wp-content/uploads/CCP_FIG167C_KELLER_WFP-KELH011.jpg,actress>film actress|producer|writer,United States,27,June,1880.0,1,June,1968.0
146,15129,Helen Wang,Wang Hanlun/王漢倫|Peng Jianqing/彭劍青,https://wfpp.columbia.edu/person/helen-wang/,https://wfpp.columbia.edu/wp-content/uploads/2015/07/WFP2-WANGH02-e1505159308347.jpg,director>co-director|distributor|editor|actress>film actress|producer,China,,,1903.0,,,1978.0
147,16002,Helena Cortesina,Elena Cortesina|Elena Manuela Dolores Cortés Altabas,https://wfpp.columbia.edu/person/helena-cortesina/,https://wfpp.columbia.edu/wp-content/uploads/2017/10/WFP2-CORT01.jpg,director|actress>film actress|film company owner|producer|actress>theatre actress|entrepreneur>theatrical entrepreneur,Spain,17,July,1903.0,7,March,1984.0
148,18472,Helena Smith Dayton,Helena Smith|Helena Smith-Dayton,https://wfpp.columbia.edu/person/helena-smith-dayton/,https://wfpp.columbia.edu/wp-content/uploads/2019/07/WFP-DAY01-copy.jpg,animator|director|writer>journalist|painter|producer|visual artist>sculptor,United States,,,1883.0,22,February,1960.0
149,1534,Henderina Victoria Scott,Henderina (Rina) Victoria Klaassen|Mrs. D. H. Scott|Rina Scott,https://wfpp.columbia.edu/person/henderina-victoria-scott/,,cinematographer>experimental cinematographer,Great Britain,18,July,1862.0,18,January,1929.0
150,1535,Hettie Gray Baker,Hattie Gray Baker|Hatty Gray Baker|Hettie Grey Baker|Hetty Gray Baker,https://wfpp.columbia.edu/person/hettie-gray-baker/,https://wfpp.columbia.edu/wp-content/uploads/2011/12/WFP-BAK01.jpg,censor>censorship representative|actress>film actress|production editor|editor>scenario editor|writer>scenario writer|writer>screenwriter|title writer,United States,12,July,1881.0,14,November,1957.0
151,1536,Hope Loring,Mrs. Louis “Buddy” Lighton,https://wfpp.columbia.edu/person/hope-loring/,https://wfpp.columbia.edu/wp-content/uploads/2013/08/WFP-LOR03.jpg,extra|actress>film actress|writer>scenario writer|writer>screenwriter|critic>theatre critic,United States,29,January,1894.0,,,1959.0
152,1537,Ida Jenbach,Ida Jakobovits,https://wfpp.columbia.edu/person/ida-jenbach/,,adapter|director|dramaturge|guild co-founder|writer>journalist|writer>screenwriter|actress>theatre actress,Austria|Germany,4,June,1868.0,,,1943.0
153,1538,Ida May Park,Mrs. Joseph De Grasse,https://wfpp.columbia.edu/person/ida-may-park/,,director>co-director|editor|writer>screenwriter,United States,28,December,1879.0,13,June,1954.0
154,10,Irene Morra,,https://wfpp.columbia.edu/person/irene-morra/,,editor>film cutter,United States,31,July,1893.0,25,November,1978.0
155,11517,Iris Barry,,https://wfpp.columbia.edu/person/iris-barry/,https://wfpp.columbia.edu/wp-content/uploads/2015/10/WFP-BARRY02-featured-image.jpg,critic>film critic|film curator|writer>journalist|preservationist,Great Britain|United States,28,March,1895.0,22,December,1969.0
156,14299,Isabel Acuña,Isabel de Nepomuceno|Doña Isabel,https://wfpp.columbia.edu/person/isabel-acuna/,https://wfpp.columbia.edu/wp-content/uploads/2017/05/WFP2-ACU01.jpg,art director|casting director|costume designer|treasurer>film company treasurer|film company vice president|make-up supervisor|producer|production assistant|set decorator,The Philippines,28,January,1904.0,15,September,1986.0
157,1620,Isabel McDonagh,Marie Lorraine,https://wfpp.columbia.edu/person/isabel-mcdonagh/,https://wfpp.columbia.edu/wp-content/uploads/2012/08/isabell-mcdonagh.jpg,business partner>family business partner>family film business partner|actress>film actress|actress>theatre actress,Australia|Great Britain,3,January,1899.0,5,March,1982.0
158,1539,Jackeydawra Melford,Mrs. Wallace Colgate|Alice Bradshaw Jackeydora Melford,https://wfpp.columbia.edu/person/jackeydawra-melford/,https://wfpp.columbia.edu/wp-content/uploads/2016/11/WFP2-MELF01.jpg,director|actress>film actress|producer|actress>theatre actress,Great Britain,16,November,1888.0,12,December,1984.0
159,9,Jane Loring,,https://wfpp.columbia.edu/person/jane-loring/,https://wfpp.columbia.edu/wp-content/uploads/Cutting_Women_WFP-LORI021.jpg,director>assistant director|editor>film cutter,United States,6,June,1890.0,15,March,1983.0
160,1540,Jane Murfin,Allan Langdon Martin|Jane Macklem|Mrs. James Murfin|Mrs. Donald Crisp.,https://wfpp.columbia.edu/person/jane-murfin/,https://wfpp.columbia.edu/wp-content/uploads/Murfin_CCP_FIG198_WFP-MURF011.jpg,animal trainer|director>co-director|producer>co-producer|guild co-founder|writer>playwright|writer>screenwriter|writer>source author,United States,27,October,1884.0,10,August,1955.0
161,1541,Jeanie Macpherson,Jeanie MacPherson|Jeannie MacPherson,https://wfpp.columbia.edu/person/jeanie-macpherson/,https://wfpp.columbia.edu/wp-content/uploads/CCP_FIG9_Macpherson_WFP-MAC031.jpg,director|actress>film actress|writer>screenwriter,United States,18,May,1888.0,26,August,1946.0
162,1542,Jenny Gilbertson,Jenny Brown|Jenny Brown Gilbertson,https://wfpp.columbia.edu/person/jenny-gilbertson/,https://wfpp.columbia.edu/wp-content/uploads/2012/02/WFP2-GIL01.jpg,cinematographer|director|filmmaker>documentary maker|editor|producer|writer>screenwriter,Canada|Great Britain,28,October,1902.0,8,January,1990.0
163,10807,Jenny Strömberg,Johanna Strömberg|Johanna Charlotta Erling,https://wfpp.columbia.edu/person/jenny-stromberg/,,society matron,Finland,12,June,1858.0,,,
164,1543,Jessica Elvira Borthwick,Jessie Borthwick|Nell Foy,https://wfpp.columbia.edu/person/jessica-elvira-borthwick/,https://wfpp.columbia.edu/wp-content/uploads/2013/09/WFP2-BORT03-featured-image-e1510932477927.jpg,lecturer|cinematographer>war cinematographer|visual artist>photographer>war photographer,Great Britain,,,1888.0,,,1946.0
165,774,Josephine Clement,Mrs. Edward Clement,https://wfpp.columbia.edu/person/josephine-clement/,,manager|exhibitor>motion picture exhibitor,United States,,,,,,
166,1544,Josephine Lovett,Mrs. John  S. Robertson,https://wfpp.columbia.edu/person/josephine-lovett/,https://wfpp.columbia.edu/wp-content/uploads/CCP_FIG182_LOVETT_WFP-LOV011.jpg,adapter|actress>film actress|writer>scenario writer|writer>screenwriter|actress>theatre actress,United States,21,October,1877.0,17,September,1958.0
167,1545,Josephine Rector,Mrs. Hal Angus|Josephine Pickel,https://wfpp.columbia.edu/person/josephine-rector/,https://wfpp.columbia.edu/wp-content/uploads/2013/08/WFP-REC01.jpg,writer>scenario writer>chief scenario writer|actress>film actress|editor>scenario editor|writer>screenwriter,United States,25,September,1885.0,1,October,1958.0
168,1547,Julia Crawford Ivers,J. C. Ivers|Julia Ivers|Lady of the Shadows,https://wfpp.columbia.edu/person/julia-crawford-ivers/,https://wfpp.columbia.edu/wp-content/uploads/Ivers_CCP_FIG163_WFP-IVE011.jpg,director>co-director|writer>screenwriter>co-screenwriter|editor>film cutter|producer|production supervisor|writer>scenario writer,United States,3,October,1867.0,9,May,1930.0
169,1548,Juliet Barrett Rublee,,https://wfpp.columbia.edu/person/juliet-barrett-rublee/,https://wfpp.columbia.edu/wp-content/uploads/Rublee_CCP_FIG217A_WFP-RUB011.jpg,director>assistant director|producer|writer>screenwriter,Mexico|United States,2,March,1875.0,17,May,1966.0
170,1549,June Mathis,Mrs. Sylvano Balboni,https://wfpp.columbia.edu/person/june-mathis/,https://wfpp.columbia.edu/wp-content/uploads/Mathis_CCP_FIG192_WFP-MAT041.jpg,adapter|writer>screenwriter>co-screenwriter|director|editor|producer>executive producer|production supervisor,United States,,January,1887.0,26,July,1927.0
171,1550,Kate Corbaley,Kate Hinckley|Katherine Hinckley,https://wfpp.columbia.edu/person/kate-corbaley/,https://wfpp.columbia.edu/wp-content/uploads/2013/08/Corbaley_CCP_FIGXWFP-COR011-204x300.jpg,reader|editor>scenario editor|writer>screenwriter|writer>source author,United States,,,1879.0,23,September,1938.0
172,1551,Kate Howarde,Catherine Clarissa Black|Catherine Clarissa Jones|Mrs. William Henry de Saxe,https://wfpp.columbia.edu/person/kate-howarde/,https://wfpp.columbia.edu/wp-content/uploads/2012/02/WFP2-HOWA01.jpg,director>co-director|writer>screenwriter>co-screenwriter|actress>film actress|actress>musical comedy actress|writer>playwright|producer|actress>theatre actress|critic>theatre critic|director>theatre director|entrepreneur>theatrical entrepreneur,Australia|New Zealand|United States,28,July,1864.0,18,February,1939.0
173,1552,Katharine Hilliker,Katharine Clark|Katharine Clark Caldwell|Katharine C. Prosser,https://wfpp.columbia.edu/person/katharine-hilliker/,https://wfpp.columbia.edu/wp-content/uploads/2012/02/WFP-HIL01.jpg,writer>journalist|personal assistant|writer>playwright|production editor|editor>scenario editor|title writer,United States,25,April,1885.0,6,December,1965.0
174,17058,Kathleen Romoli,Kathleen Martin|Kathleen Whitnack|Kathleen Avery,https://wfpp.columbia.edu/person/kathleen-romoli/,https://wfpp.columbia.edu/wp-content/uploads/2013/08/WFP-ROM01.jpg,anthropologist|filmmaker>ethnographic filmmaker|scholar>historian|filmmaker>travelogue filmmaker|writer,Colombia,5,December,1897.0,,,1979.0
175,1553,Kathlyn Williams,Kathleen Williams,https://wfpp.columbia.edu/person/kathlyn-williams/,https://wfpp.columbia.edu/wp-content/uploads/Williams_CCP_FIG245_WFP-WIL011.jpg,director|actress>film actress|writer>screenwriter,United States,31,May,1888.0,24,September,1960.0
176,14166,Katri Viita,Karin Elisabet Viitainoja|Karin Elisabet Kaarna|Kaarina Kaarna|Kaarina Koskenvoima|Tuulikki Kallio|Kleopatra|Kaisu Vaara|Irja Vuosalo,https://wfpp.columbia.edu/person/katri-viita/,https://wfpp.columbia.edu/wp-content/uploads/2016/05/WFP2-VII01.jpg,writer>screenwriter>co-screenwriter|film company board member|writer>source author,Finland,20,October,1898.0,7,February,1972.0
177,16525,Kinuyo Tanaka,田中絹代  (Tanaka Kinuyo),https://wfpp.columbia.edu/person/kinuyo-tanaka/,https://wfpp.columbia.edu/wp-content/uploads/2018/03/WFP2-TAN06.jpg,director|actress>film actress,Japan,29,November,1909.0,21,March,1977.0
178,1555,Laura Bayley,Laura Eugenia Bayley|L.E.S|Laura Eugenia Smith|Mrs. George Albert Smith,https://wfpp.columbia.edu/person/laura-bayley/,,accountant|camera operator>amateur camera operator|actress>film actress|secretary|actress>theatre actress,Great Britain,,,1864.0,,,1938.0
179,1556,Leah Baird,Mrs. Arthur Beck,https://wfpp.columbia.edu/person/leah-baird/,https://wfpp.columbia.edu/wp-content/uploads/Baird_CCP_FIG109_WFP-BAI011.jpg,extra|actress>film actress|producer|writer>screenwriter|actress>theatre actress,United States,20,June,1883.0,3,October,1971.0
180,16586,Leila Lewis,Leila Stewart,https://wfpp.columbia.edu/person/leila-lewis/,https://wfpp.columbia.edu/wp-content/uploads/2018/05/Leila-Stewart.-GettyImages-102578822_master.jpg,casting director|critic>film critic|writer>journalist|publicist>publicity manager,Great Britain,,,1893.0,8,October,1939.0
181,1557,Lenore Coffee,Lenore Jackson Coffee|Lenore Cowen|Lenore Coffee Cowen|Lenore Joyce-Cowen,https://wfpp.columbia.edu/person/lenore-coffee/,https://wfpp.columbia.edu/wp-content/uploads/Coffee_FIGX_WFP-COF011.jpg,continuity girl|writer>novelist|writer>playwright|writer>screenwriter|title writer,United States,13,July,1896.0,2,July,1984.0
182,17186,Lettice Ramsey,Lettice Baker|Lettice Cautley Baker|Lettice Baker Ramsey,https://wfpp.columbia.edu/person/lettice-ramsey/,https://wfpp.columbia.edu/wp-content/uploads/2018/09/WFP2-RAMS01-featured-image-e1541164668387.jpg,location scout|visual artist>photographer|set designer,Ireland,2,August,1898.0,12,July,1985.0
183,1558,Lillian Case Russell,Lulu Case,https://wfpp.columbia.edu/person/lillian-case-russell/,,adapter|producer|writer>screenwriter,United States,3,April,1876.0,2,June,1947.0
184,1559,Lillian Ducey,,https://wfpp.columbia.edu/person/lillian-ducey/,,director|writer>screenwriter|title writer,United States,26,November,1878.0,9,December,1952.0
185,1560,Lillian Gish,,https://wfpp.columbia.edu/person/lillian-gish/,https://wfpp.columbia.edu/wp-content/uploads/How_Women_Worked_Fig20_WFP-GIS011.jpg,director|actress>film actress|writer>screenwriter,United States,14,October,1893.0,27,February,1993.0
186,1561,Lois Weber,Mrs. Phillips Smalley|Lois Smalley,https://wfpp.columbia.edu/person/lois-weber/,https://wfpp.columbia.edu/wp-content/uploads/Weber_CCP_FIGX_WFP-WEB141.jpg,director|actress>film actress|film company owner|producer|writer>screenwriter|actress>theatre actress,United States,13,June,1879.0,13,November,1939.0
187,1562,Lorna Moon,Helen Nora Wilson Low,https://wfpp.columbia.edu/person/lorna-moon/,https://wfpp.columbia.edu/wp-content/uploads/CCP_FIG197_MOON_WFP-MOO021.jpg,adapter|writer>novelist|writer>playwright|writer>screenwriter,United States,16,June,1886.0,1,May,1930.0
188,12816,Lotte Reiniger,,https://wfpp.columbia.edu/person/lotte-reiniger/,https://wfpp.columbia.edu/wp-content/uploads/2017/09/WFP2-REI02-featrued-images.jpg,animator|director>assistant director|director>co-director|actress>film actress|visual artist>illustrator|writer>screenwriter|cinematographer>special effects,Canada|Great Britain|Germany|Italy,2,June,1899.0,19,June,1981.0
189,16055,Lottie Lyell,Lottie Edith Cox,https://wfpp.columbia.edu/person/lottie-lyell/,https://wfpp.columbia.edu/wp-content/uploads/2017/09/WFP2-LYE19.jpg,art director|director|editor|actress>film actress|producer|writer>screenwriter|actress>theatre actress|title writer,Australia,23,February,1890.0,21,December,1925.0
190,1563,Louella Parsons,Louella Oettinger,https://wfpp.columbia.edu/person/louella-parsons/,https://wfpp.columbia.edu/wp-content/uploads/CCP_FIG210_PARSONS_WFP-PARS011.jpg,editor>scenario editor>chief scenario editor|writer>journalist>gossip columnist|writer>screenwriter,United States,6,August,1881.0,9,December,1972.0
191,17005,Louise Kolm-Fleck,Louise/Luise Veltée|Louise/Luise Kolm|Louise/Luise Fleck,https://wfpp.columbia.edu/person/louise-kolm-fleck/,https://wfpp.columbia.edu/wp-content/uploads/2018/08/WFP2-FLE01-featured-imagejpg.jpg,director>co-director|producer>co-producer|writer>screenwriter>co-screenwriter|film company founding partner,Austria|China|Germany,1,August,1873.0,15,March,1950.0
192,1565,Louise Lovely,Louise Carbasse|Louise Welch,https://wfpp.columbia.edu/person/louise-lovely/,https://wfpp.columbia.edu/wp-content/uploads/2012/02/WFP2-LOVE03.jpg,casting director|writer>screenwriter>co-screenwriter|director|editor|actress>film actress|producer|production designer|actress>theatre actress,Australia|United States,28,February,1895.0,18,March,1980.0
193,13949,Lucie Derain,Lucienne Dechorain,https://wfpp.columbia.edu/person/lucie-derain/,https://wfpp.columbia.edu/wp-content/uploads/2017/05/WFP2-DERA07-featured-image-e1495203884816.jpeg,film society co-founder>ciné-club co-founder|director|editor|critic>film critic|writer>screenwriter|title writer,France,16,January,1902.0,,,1967.0
194,1566,Lucy Duff-Gordon,Lady Duff-Gordon|Lucile|Madame Lucile|née Lucy Sutherland,https://wfpp.columbia.edu/person/lucy-duff-gordon/,https://wfpp.columbia.edu/wp-content/uploads/Duff_CCP_FIG130d_WFP-DUF031.jpg,costume designer|writer,United States,13,June,1863.0,20,April,1935.0
195,1567,Lule Warrenton,,https://wfpp.columbia.edu/person/lule-warrenton/,https://wfpp.columbia.edu/wp-content/uploads/Warrenton_CCP_FIG243_WFP-WAR011.jpg,actress>film actress|producer|writer>screenwriter|director>theatre director|entrepreneur>theatrical entrepreneur,United States,22,June,1862.0,14,May,1932.0
196,12923,Lydia Hayward,Lydia Elizabeth Hayward|Lydia Elizabeth Forrest|Lydia Elizabeth Freshman,https://wfpp.columbia.edu/person/lydia-hayward/,https://wfpp.columbia.edu/wp-content/uploads/2017/07/WFP-HAY01-e1501872735855.jpg,adapter|actress>film actress|editor>scenario editor|scenarist|writer>screenwriter|actress>theatre actress,Great Britain,12,October,1879.0,3,June,1945.0
197,17794,Mabel Condon,Mabel Birdwell|Mrs. Russell Birdwell,https://wfpp.columbia.edu/person/mabel-condon/,https://wfpp.columbia.edu/wp-content/uploads/2018/11/WFP-COND02-featured-image.jpg,business owner|company director|critic>film critic|writer>journalist>film magazine writer|publicist|writer>scenario writer|agent>talent manager|writer>journalist>magazine editor>trade journal editor,United States,31,January,1894.0,21,January,1965.0
198,1568,Mabel Normand,Mabel Fortescue,https://wfpp.columbia.edu/person/mabel-normand/,https://wfpp.columbia.edu/wp-content/uploads/Normand_CCP_FIG199_WFP-NOR041.jpg,director>co-director|comedienne|actress>film actress|producer|writer>scenario writer,United States,9,November,1892.0,23,February,1930.0
199,1569,Madeline Brandeis,Mrs. Madeline (Frank) Brandeis|Madeline Frank,https://wfpp.columbia.edu/person/madeline-brandeis/,https://wfpp.columbia.edu/wp-content/uploads/2012/02/WFP-BRAN01.jpg,director|editor|actress>film actress|film company owner|visual artist>photographer|producer|writer>screenwriter,United States,18,December,1897.0,27,June,1937.0
200,9406,Mae Murray,Marie Adrienne Koenig|“The Girl with the Bee-Stung Lips|The Gardenia of the Screen|Mrs. Robert Z. Leonard|Mrs. David Mdivani,https://wfpp.columbia.edu/person/mae-murray-2/,https://wfpp.columbia.edu/wp-content/uploads/2013/12/WFP-MURR06-e1386361862732.jpg,chorus girl|actress>film actress|producer|writer>scenario writer|actress>theatre actress,United States,10,May,1889.0,23,March,1965.0
201,1571,Maibelle Heikes Justice,Mabel Heikes Justice|Maibelle Justice|Maybelle Heikes Justice,https://wfpp.columbia.edu/person/maibelle-heikes-justice/,https://wfpp.columbia.edu/wp-content/uploads/2013/10/WFP-JUS02.jpg,scenarist|writer>screenwriter|writer>source author|title writer,United States,,,1871.0,11,March,1926.0
202,7,Margaret Booth,,https://wfpp.columbia.edu/person/margaret-booth/,https://wfpp.columbia.edu/wp-content/uploads/2013/08/WFP-BOO01.jpg,editor>film cutter,United States,16,January,1898.0,28,October,2002.0
203,1573,Margaret Hepworth,Mrs. Hepworth|Margaret Hope McGuffie|Margarete McGuffie Hepworth,https://wfpp.columbia.edu/person/margaret-mcguffie-hepworth/,,business partner>family business partner|actress>film actress|writer>screenwriter,Great Britain,,,1874.0,9,October,1917.0
204,21332,Margaret J. Winkler,M.J. Winkler|Margaret Winkler Mintz,https://wfpp.columbia.edu/person/margaret-j-winkler/,https://wfpp.columbia.edu/wp-content/uploads/2020/04/WFP-WINK03.jpg,distributor>distribution company founder|distributor>distribution company owner,United States,22,April,1895.0,21,June,1990.0
205,1574,Margaret Mayo,Lillian Elizabeth Clatten|Lillian Elizabeth Slatten|Mrs. Edgar Selwyn,https://wfpp.columbia.edu/person/margaret-mayo/,https://wfpp.columbia.edu/wp-content/uploads/2013/08/WFP-MAY01.jpg,adapter|actress>film actress|film company founding partner|writer>playwright|writer>screenwriter|actress>theatre actress,United States,19,November,1882.0,25,February,1951.0
206,1575,Margaret Turnbull,,https://wfpp.columbia.edu/person/margaret-turnbull/,https://wfpp.columbia.edu/wp-content/uploads/2013/08/WFP-TURNB01.jpg,adapter|writer>playwright|writer>scenario writer|writer>screenwriter|writer>source author,Great Britain|France|United States,17,November,1872.0,12,June,1942.0
207,1576,Margery Wilson,Sara(h) Barker Strayer|Margie Wilson|Marjory Wilson|Marjorie Wilson|Mrs. Otto Meeks,https://wfpp.columbia.edu/person/margery-wilson/,https://wfpp.columbia.edu/wp-content/uploads/2012/01/WFP-WILS01.jpg,director|actress>film actress|producer|writer>scenario writer|writer>screenwriter|speech coach|actress>theatre actress,United States,31,October,1896.0,21,January,1986.0
208,1577,Marguerite Bertsch,,https://wfpp.columbia.edu/person/marguerite-bertsch/,https://wfpp.columbia.edu/wp-content/uploads/Bertsch_CCP_Fig113b_WFP-BERT011.jpg,adapter|editor>scenario editor>chief scenario editor|director>co-director|writer>scenario writer|writer>screenwriter|writer>source author,United States,14,December,1889.0,,,1967.0
209,16546,Marguerite Renoir,Marguerite Houllé|Marguerite Houllé-Renoir|Marguerite Mathieu|Marguerite,https://wfpp.columbia.edu/person/marguerite-renoir/,https://wfpp.columbia.edu/wp-content/uploads/2018/04/Renoir-Featured-copy-e1525441777858.jpg,editor|actress>film actress|film colorist,France,22,July,1906.0,12,July,1987.0
210,17942,Marguerite Viel,,https://wfpp.columbia.edu/person/marguerite-viel/,https://wfpp.columbia.edu/wp-content/uploads/2019/01/WFP-VIE02-scaled.jpg,consultant>artistic consultant|sales manager>assistant sales manager|director>co-director|dialogue writer|investor|writer>screenwriter|sound editor,France,,,1894.0,,,1976.0
211,1578,Maria Isabel S&aacute;nchez Concha Aramburú,Belsamira|Marisabidilla,https://wfpp.columbia.edu/person/maria-isabel-s-aacute-nchez-concha-aramburu/,,writer>screenwriter,Peru,29,June,1889.0,,,1977.0
212,14676,María Luz Morales Godoy,Felipe Centeno,https://wfpp.columbia.edu/person/maria-luz-morales-godoy/,https://wfpp.columbia.edu/wp-content/uploads/2017/09/WFP2-MORA01-featured-image-copy.jpg,adapter|critic>film critic|scholar>historian>film historian|writer>journalist>newspaper editor|script assistant|critic>theatre critic,Spain,,,1898.0,23,September,1980.0
213,2,Maria P. Williams,,https://wfpp.columbia.edu/person/maria-p-williams/,https://wfpp.columbia.edu/wp-content/uploads/African_American_Women_in_the_Silent_Film_Industry_WFP-WILM011.jpg,manager>assistant manager|distributor|actress>film actress|lecturer|producer|writer>screenwriter|secretary-treasurer,United States,,,,,,
214,1580,Marian Constance Blackton,Marian Constance Blackton|Marian Constance|Marian Trimble|Marian Blackton Trimble|Mrs. Gardner James,https://wfpp.columbia.edu/person/marian-constance-blackton/,https://wfpp.columbia.edu/wp-content/uploads/2013/08/WFP-BLAM01.jpg,actress>film actress|scenarist|script girl,United States,18,January,1901.0,12,December,1993.0
215,11496,Marie de Kerstrat,Marie Joséphine Charlotte de Tréourret de Kerstrat|Countess Gustave de Grandsaignes d’Hauterives,https://wfpp.columbia.edu/person/marie-de-kerstrat/,https://wfpp.columbia.edu/wp-content/uploads/2015/09/WFP2-KER01.jpg,business partner>family business partner|exhibitor>independent exhibitor|manager|exhibitor>motion picture exhibitor|exhibitor>traveling exhibitor,Canada|France|United States,,,1841.0,,,1920.0
216,1581,Marie Dressler,Leila Marie Koerber,https://wfpp.columbia.edu/person/marie-dressler/,https://wfpp.columbia.edu/wp-content/uploads/Dressler_CCP_FIG127B_WFP-DRES011.jpg,comedienne|actress>film actress|producer|scenarist|actress>theatre actress,United States,9,November,1868.0,28,July,1934.0
217,10682,Marie Louise Gagner,,https://wfpp.columbia.edu/person/marie-louise-gagner-2/,https://wfpp.columbia.edu/wp-content/uploads/2014/10/WFP2-GAG01-e1418399003272.jpg,censor>film censor,Sweden,1,January,1868.0,23,June,1933.0
218,12778,Marie Stopes,Marie Carmichael|Marie Carmichael Stopes|Marie Charlotte Carmichael Stopes,https://wfpp.columbia.edu/person/marie-stopes/,https://wfpp.columbia.edu/wp-content/uploads/2016/06/WFP2-STOP04-featured-image.jpg,consultant|writer>source author,Great Britain,15,October,1880.0,2,October,1958.0
219,1582,Marion E. Wong,Marion Wong,https://wfpp.columbia.edu/person/marion-e-wong/,https://wfpp.columbia.edu/wp-content/uploads/WONG_WFP-WON031.jpg,company director|costume designer|director|actress>film actress|producer|writer>screenwriter,United States,2,January,1895.0,4,February,1969.0
220,1583,Marion Fairfax,Marion Marshall|Marion Tully Marshall|Marion Josephine Neiswanger|Mrs. Tully Marshall,https://wfpp.columbia.edu/person/marion-fairfax/,https://wfpp.columbia.edu/wp-content/uploads/Fairfax_CPP_FIG132_WFP-FAI011.jpg,company director|director|editor|editorial director|writer>playwright|producer|writer>screenwriter|actress>theatre actress,United States,24,October,1875.0,2,October,1970.0
221,1584,Marion Leonard,,https://wfpp.columbia.edu/person/marion-leonard/,https://wfpp.columbia.edu/wp-content/uploads/Leonard_CCP_FIG173_WFP-LEO021.jpg,actress>film actress|producer|writer>screenwriter,United States,9,June,1881.0,9,January,1956.0
222,14886,Marvin Breckinridge,Mary Marvin Breckinridge Patterson,https://wfpp.columbia.edu/person/marvin-breckinridge/,https://wfpp.columbia.edu/wp-content/uploads/2017/06/WFP-BREC01-e1502121807138.jpg,filmmaker>amateur filmmaker|camera operator|cinematographer|director|editor|writer>journalist|visual artist>photographer|writer>screenwriter,United States,2,October,1905.0,11,December,2002.0
223,14237,Mary Lawton Metcalfe,Electra Sparks,https://wfpp.columbia.edu/person/mary-lawton-metcalfe/,https://wfpp.columbia.edu/wp-content/uploads/2016/05/WFP-MET01.jpg,critic>film critic|film curator|scholar>film scholar>film theorist|writer>journalist|lecturer,United States,8,March,1859.0,5,March,1949.0
224,1585,Mary MacLane,Mary Mac Lane,https://wfpp.columbia.edu/person/mary-maclane/,https://wfpp.columbia.edu/wp-content/uploads/2012/01/WFP-MACL02.jpg,actress>film actress|writer>screenwriter|writer>source author,United States,2,May,1881.0,6,August,1929.0
225,11533,Mary Manning,Molly Manning|Mary Manning Howe|Mary Howe|Mary Manning Adams|Mary Manning Howe Adams,https://wfpp.columbia.edu/person/mary-manning/,https://wfpp.columbia.edu/wp-content/uploads/2015/10/WFP2-MAN01-featured-image-e1449264895573.jpg,adapter|amateur filmmaking club co-founder|writer>journalist>magazine editor>arts magazine editor|director>assistant director|actress>film actress|critic>film critic|film society co-founder|secretary>film society secretary|miscellaneous crew|writer>playwright|actress>theatre actress,Ireland|United States,30,June,1905.0,25,June,1999.0
226,1587,Mary Murillo,Mary O’Connor|Mary Velle,https://wfpp.columbia.edu/person/mary-murillo/,https://wfpp.columbia.edu/wp-content/uploads/2016/05/WFP2-MURI15.jpg,adapter|film company managing director|writer>scenario writer|writer>screenwriter|actress>theatre actress,Great Britain|France|United States,22,January,1888.0,4,February,1944.0
227,14244,Mary O'Connor,Mary Hamilton O’Connor,https://wfpp.columbia.edu/person/mary-oconnor/,https://wfpp.columbia.edu/wp-content/uploads/2017/05/WFP-OCONN01.jpg,guild shareholder|manager>publicity manager|reader|writer>scenario writer>scenario department head|editor>scenario editor|writer>screenwriter,Great Britain|United States,,,1872.0,3,September,1959.0
228,1588,Mary Pickford,Mary Pickford Rogers|Gladys Smith|Gladys Louise Smith|Gladys Mary Smith,https://wfpp.columbia.edu/person/mary-pickford/,https://wfpp.columbia.edu/wp-content/uploads/Pickford_CCP_FIGX_WFP-PIC031.jpg,company director|distributor|actress>film actress|film company founding partner|producer|writer>screenwriter|actress>theatre actress,United States,8,April,1892.0,29,May,1979.0
229,1589,Matilde Serao,,https://wfpp.columbia.edu/person/matilde-serao/,https://wfpp.columbia.edu/wp-content/uploads/2013/08/WFP2-SER04.jpg,critic>film critic|writer>journalist|writer>screenwriter|writer>source author,Italy,7,March,1856.0,25,July,1927.0
230,12324,Maude Adams,Maude Ewing Kiscadden,https://wfpp.columbia.edu/person/maude-adams/,https://wfpp.columbia.edu/wp-content/uploads/2016/04/WFP-ADAM03-featured-image.jpg,cinematographer>experimental cinematographer|film company owner|lighting technology engineer|researcher|technician|actress>theatre actress,United States,11,November,1872.0,17,July,1953.0
231,1590,May Clark,Mabel Clark|May French|May Whitton|Mabel Louise Clark,https://wfpp.columbia.edu/person/may-clark/,,camera operator|carpenter|producer>co-producer|company executive|costume designer|business partner>family business partner>family film business partner|actress>film actress|laboratory worker|seamstress|set decorator|cinematographer>special effects,Great Britain|Ireland,,June,1885.0,17,March,1971.0
232,12315,May Watkis,Hilda May Gowen|May Gowen Watkis|M.G. Watkis|May G. Watkis,https://wfpp.columbia.edu/person/may-watkis/,https://wfpp.columbia.edu/wp-content/uploads/2020/04/WFP2-WAT02-featured-image-e1586527694737.jpg,censor>assistant|government department head>government official>clerk|government department head>government official>inspector|projectionist>operator,Canada,22,July,1879.0,6,December,1940.0
233,1591,Mimí Derba,Herminia Pérez de León,https://wfpp.columbia.edu/person/mimi-derba/,https://wfpp.columbia.edu/wp-content/uploads/How_Women_Worked_Fig58_WFP-DER011.jpg,director>co-director|actress>film actress|film company founding partner|producer|writer>screenwriter|musician>singer|actress>theatre actress,Mexico,9,October,1893.0,14,July,1953.0
234,1592,Mona Donaldson,Miss D,https://wfpp.columbia.edu/person/mona-donaldson/,,booking clerk|censor>film censor|editor>film cutter,Australia,,October,1901.0,,,
235,1593,Mrs. George Randolph Chester,Lilian Chester|Lillian Josephine Hauser DeRimo,https://wfpp.columbia.edu/person/mrs-george-randolph-chester/,https://wfpp.columbia.edu/wp-content/uploads/2013/09/Mr._and_Mrs._George_Randolph_Chester_WFP-CHE011.jpg,director>co-director|writer>screenwriter>co-screenwriter|writer>co-writer|editor|title writer,United States,29,September,1889.0,7,June,1961.0
236,15938,Mrs. M.T. Pender,Margaret Theresa Doherty Pender|Margaret Pender|Mrs. M. T. Pender|May Pender|Mary Pender|Mary Doherty Pender|Moira Pender?|M.T.P.|Marguerite Pender|Margaret Theresa Doherty Pender|Colleen|Marguerite|Margaret T. O’Doherty Pender,https://wfpp.columbia.edu/person/mrs-m-t-pender/,https://wfpp.columbia.edu/wp-content/uploads/2018/01/WFP2-PEN01-featured-image-e1516221423874.jpg,writer>source author,Ireland,,,1848.0,17,March,1920.0
237,1594,Mrs. Sidney Drew,Lucille McVey Drew|Lucille McVey|Jane Morrow,https://wfpp.columbia.edu/person/mrs-sidney-drew/,https://wfpp.columbia.edu/wp-content/uploads/Drew_CCP_FIG129_WFP-DREW011.jpg,director>co-director|producer>co-producer|writer>screenwriter>co-screenwriter|actress>film actress|actress>theatre actress,United States,18,April,1890.0,3,November,1925.0
238,1595,Musidora,Jeanne Roques,https://wfpp.columbia.edu/person/musidora/,https://wfpp.columbia.edu/wp-content/uploads/2012/01/WFP2-MUS01.jpg,director>co-director|producer>co-producer|actress>film actress|music hall performer|writer>screenwriter,France,23,February,1889.0,10,December,1957.0
239,1596,Nancy Naumburg,Nancy Naumburg Goldsmith,https://wfpp.columbia.edu/person/nancy-naumburg/,https://wfpp.columbia.edu/wp-content/uploads/Naumburg_CCP_FIGX_WFP-NAU011.jpg,cinematographer|director>co-director|writer>screenwriter>co-screenwriter|visual artist>photographer|writer>playwright,United States,10,February,1911.0,3,May,1988.0
240,1597,Natacha Rambova,Winifred Shaughnessy Hudnut|Natasha Rambova|Winifred Shaughnessy|Mrs. Rudolph Valentino,https://wfpp.columbia.edu/person/natacha-rambova/,https://wfpp.columbia.edu/wp-content/uploads/2014/01/WFP-RAM04.jpg,art director|writer>screenwriter>co-screenwriter|costume designer|actress>film actress|writer>journalist|writer>playwright|set decorator|set designer|actress>theatre actress,United States,19,January,1897.0,5,June,1966.0
241,1598,Nell Emerald,Mrs. N. Beattie|Ellen Maud O’Shea,https://wfpp.columbia.edu/person/nell-emerald/,,company director>company co-director|actress>film actress|music hall performer|producer|writer>screenwriter,Great Britain,29,October,1882.0,21,June,1969.0
242,1599,Nell Shipman,Helen Foster-Barham|Helen Shipman|Helen Barham Shipman,https://wfpp.columbia.edu/person/nell-shipman/,https://wfpp.columbia.edu/wp-content/uploads/Shipman_CCP_FIG223_WFP-SHI021.jpg,director>co-director|editor|actress>film actress|film company owner|producer|writer>screenwriter,Canada|United States,25,October,1892.0,23,January,1970.0
243,15428,Neyyire Neyir,Münire Eyüp Ertuğrul,https://wfpp.columbia.edu/person/neyyire-neyir/,https://wfpp.columbia.edu/wp-content/uploads/2017/10/WFP2-MUV04-featured-image-e1509375770869.jpg,actress>film actress|writer>journalist>magazine editor>film magazine editor|actress>theatre actress,Turkey,,,1902.0,13,February,1943.0
244,13035,Nina Agadzhanova-Shutko,Nina Ferdinandovna Agadzhanova|Nuné Agadzhanova|Nina Shutko|Mariia Mikulevich|Klavdiia Sergeevna Dubrovskaia|Irina Vasil'eva|Ol'ga Monakhova,https://wfpp.columbia.edu/person/nina-agadzhanova-shutko/,https://wfpp.columbia.edu/wp-content/uploads/2016/07/WFP2-AGAD01-featured-image.jpg,director>co-director|editor>co-editor|writer>screenwriter>co-screenwriter|musician>film accompanist|writer>journalist|educator>screenwriting teacher|script consultant|script editor,Russia and former Soviet Union,8,November,1889.0,14,December,1974.0
245,21853,Nina Niovilla,Nina Niovila|Antonina Elżbieta Petrykiewicz|Antonina Petrykiewicz|Nina Petekiewicz|Nina von Petry|Nina Petykiewicz|Antoinette Petrykiewicz|Nina Niowila,https://wfpp.columbia.edu/person/nina-niovilla/,https://wfpp.columbia.edu/wp-content/uploads/2020/09/WFP2-NIO01-featured-image-e1599246708650.jpg,educator>acting teacher|director|actress>film actress|producer|writer>screenwriter,Poland,,,1874.0,,,1966.0
246,1422,Norma Talmadge,Mrs. Joseph M. Schenck,https://wfpp.columbia.edu/person/norma-talmadge/,https://wfpp.columbia.edu/wp-content/uploads/2012/08/norma-talmadge.jpg,actress>film actress|producer,United States,2,May,1894.0,24,December,1957.0
247,12498,Ol'ga Rakhmanova,Ol'ga Vladimirovna Sokolova,https://wfpp.columbia.edu/person/olga-rakhmanova/,https://wfpp.columbia.edu/wp-content/uploads/2016/02/WFP2-RAK01.jpg,educator>acting teacher|adapter|director>co-director|editor>co-editor|actress>film actress|writer>screenwriter|actress>theatre actress|director>theatre director|entrepreneur>theatrical entrepreneur,Russia and former Soviet Union,,,1871.0,23,December,1943.0
248,1600,Olga Petrova,Minnie Collins|Muriel Harding|Madame Petrova|O. Petrova|Olya Petrova,https://wfpp.columbia.edu/person/olga-petrova/,https://wfpp.columbia.edu/wp-content/uploads/Petrova_CCP_FIG211_WFP-PET011.jpg,writer>screenwriter>co-screenwriter|actress>film actress|film company owner|actress>musical comedy actress|producer,United States,10,May,1884.0,30,November,1977.0
249,1601,Olga Printzlau,Olga P. Clark|Olga Printzlau Clark|Mrs. Hal Clements,https://wfpp.columbia.edu/person/olga-printzlau/,https://wfpp.columbia.edu/wp-content/uploads/Printzlau_CCP_FIG214_WFP-PRI011.jpg,adapter|writer>playwright|writer>screenwriter,United States,13,December,1891.0,8,July,1962.0
250,1602,Osa Johnson,Mrs. Martin Johnson|Osa Helen Leighty Johnson|Osa Helen Leighty,https://wfpp.columbia.edu/person/osa-johnson/,https://wfpp.columbia.edu/wp-content/uploads/Johnson_CCP_FIG165_WFP-JOH031.jpg,cinematographer|director|filmmaker>ethnographic filmmaker|actress>film actress|lecturer|visual artist>photographer|producer|writer,United States,14,March,1894.0,7,January,1953.0
251,1603,Ouida Bergère,Eulalia Bergère|Ida Bergère|Mrs. George Fitzmaurice|Mrs. Basil Rathbone,https://wfpp.columbia.edu/person/ouida-bergere/,https://wfpp.columbia.edu/wp-content/uploads/2013/08/Bergere_CCP_FIG113_WFP-BERG021.jpg,adapter|actress>film actress|editor>scenario editor|writer>screenwriter,United States,14,December,1885.0,29,November,1974.0
252,1604,Paula Blackton,Mrs. J. Stuart Blackton|Paula Dean|Paula Hilburn,https://wfpp.columbia.edu/person/paula-blackton/,https://wfpp.columbia.edu/wp-content/uploads/CCP_Blackton_FIGX_WFP-BLAP021.jpg,costume designer|director|actress>film actress|writer>screenwriter,Great Britain|United States,1,August,1881.0,27,March,1930.0
253,1624,Paulette McDonagh,,https://wfpp.columbia.edu/person/paulette-mcdonagh/,https://wfpp.columbia.edu/wp-content/uploads/2012/08/paullete-macdonald.jpg,director|filmmaker>documentary maker|business partner>family business partner>family film business partner|writer>screenwriter,Australia,11,June,1901.0,30,August,1978.0
254,16213,Pearl Ing,Yin Mingzhu/殷明珠|Yin Shangxian/殷尚賢|Longguan|Miss F.F.,https://wfpp.columbia.edu/person/pearl-ing/,https://wfpp.columbia.edu/wp-content/uploads/2018/02/Pearl-Ing-featured-image-e1520015062760.jpg,actress>film actress|investor|production coordinator,China,,,1904.0,,,1989.0
255,1605,Pearl White,Peerless Fearless Girl|Heroine of a Thousand Stunts|Mrs. Wallace McCutheon|Mrs. Victor Sutherland|Mrs. Theodore Cossika,https://wfpp.columbia.edu/person/pearl-white/,https://wfpp.columbia.edu/wp-content/uploads/White_CCP_FIGX_WFP-WHI041.jpg,actress>film actress|music hall performer,United States,4,March,1889.0,4,August,1938.0
256,1622,Phyllis McDonagh,,https://wfpp.columbia.edu/person/phyllis-mcdonagh/,https://wfpp.columbia.edu/wp-content/uploads/2012/08/phyllis-mcdonagh.jpg,art director|business partner>family business partner>family film business partner|writer>journalist|producer|publicist,Australia|New Zealand,7,January,1900.0,17,October,1972.0
257,10693,Pu Shunqing,濮舜卿,https://wfpp.columbia.edu/person/pu-shunqing-2/,https://wfpp.columbia.edu/wp-content/uploads/2014/12/WFP2-SHUN06-FI.jpg,director>assistant director|actress>film actress|writer>playwright|writer>screenwriter,China,,,1902.0,,,
258,12341,Ray Lewis,Rae Levinsky|Ray L. Levinsky|Mrs. Joshua Smith,https://wfpp.columbia.edu/person/ray-lewis/,https://wfpp.columbia.edu/wp-content/uploads/2015/04/WFP2-LEW01.jpg,dancer|distributor|exhibitor|critic>film critic|writer>playwright|writer>poet|writer>screenwriter|writer>source author|actress>theatre actress|writer>journalist>magazine editor>trade journal editor|publisher>trade journal publisher|costume designer>wardrobe consultant,Canada|United States,14,March,1883.0,5,July,1954.0
259,16315,Renée Deliot,Renée Felicie Deliot|Renée de Liot,https://wfpp.columbia.edu/person/renee-deliot/,,cinema proprietor|distributor|film company owner|writer>screenwriter,France|Italy,20,September,1881.0,27,August,1960.0
260,12683,Rosa Porten,Dr. R. Portegg,https://wfpp.columbia.edu/person/rosa-porten/,https://wfpp.columbia.edu/wp-content/uploads/Porten_WFP2-POR031.jpg,director>co-director|actress>film actress|writer>journalist|writer>novelist|writer>screenwriter,Germany,18,February,1884.0,7,May,1972.0
261,1606,Rosario Rodríguez de la Serna,,https://wfpp.columbia.edu/person/rosario-rodriguez-de-la-serna/,,director|actress>film actress|film company owner|producer,Chile,,,,,,
262,11,Rose Smith,,https://wfpp.columbia.edu/person/rosesmith/,,continuity|editor,United States,6,March,1897.0,29,May,1962.0
263,1607,Ruth Ann Baldwin,Ruth A. Pierson,https://wfpp.columbia.edu/person/ruth-ann-baldwin/,https://wfpp.columbia.edu/wp-content/uploads/2013/12/WFP-BAL02.jpg,director>assistant director|writer>screenwriter>co-screenwriter|editor|writer>scenario writer|writer>source author,United States,,September,1886.0,,,
264,1608,Ruth Bryan Owen,Ruth Bryan|Mrs. William Homer Leavitt|Mrs. Reginald Altham Owen|Mrs. Borge Rohde,https://wfpp.columbia.edu/person/ruth-bryan-owen/,https://wfpp.columbia.edu/wp-content/uploads/2011/12/WFP-OWE03.jpg,director|producer|writer>screenwriter|set designer,United States,2,October,1885.0,26,July,1954.0
265,1609,Ruth Goetz,Ruth von Schüching,https://wfpp.columbia.edu/person/ruth-goetz/,,adapter|writer>screenwriter>co-screenwriter|writer>journalist|writer>novelist,Germany,5,November,1886.0,,,
266,21878,Ruth Gould Dolesé,Ruth Ellen Gould|Ruth E. Gould|R.G. Dolesé|Ruth Ellen Gould Dolesé,https://wfpp.columbia.edu/person/ruth-ellen-gould-dolese/,,catalog editor|film company department head|lecturer,United States,,,1868.0,17,September,1913.0
267,1610,Ruth Stonehouse,,https://wfpp.columbia.edu/person/ruth-stonehouse/,https://wfpp.columbia.edu/wp-content/uploads/Stonehouse_CCP_FIG224_WFP-STO011.jpg,director|actress>film actress|writer>screenwriter,United States,28,September,1892.0,21,May,1941.0
268,1611,Sada Cowan,Sada Louise Cowan|Mrs. Fredrick James Pitt|Mrs. Ernest L. Commons,https://wfpp.columbia.edu/person/sada-cowan/,https://wfpp.columbia.edu/wp-content/uploads/CCP_Cowan_FIG115_WFP-COW011.jpg,writer>screenwriter>co-screenwriter|continuity|writer>playwright,United States,8,September,1882.0,31,July,1943.0
269,11896,Sarah Bernhardt,Henrietta Rosine Bernard|Sara-Marie-Henriette Bernhardt,https://wfpp.columbia.edu/person/sarah-bernhardt/,https://wfpp.columbia.edu/wp-content/uploads/2016/02/WFP2-BERN09.jpg,actress>film actress|writer>novelist|painter|producer|writer>screenwriter|visual artist>sculptor|actress>theatre actress|director>theatre director|theatrical manager,Great Britain|France|United States,25,September,1844.0,26,March,1923.0
270,1612,Sarah Y. Mason,Mrs. Owen Moore|Sarah Yeiser Mason|Mrs. Victor Heerman,https://wfpp.columbia.edu/person/sarah-y-mason/,https://wfpp.columbia.edu/wp-content/uploads/Mason_CCP_FIG184_WFP-MAS061.jpg,adapter|writer>screenwriter>co-screenwriter|continuity,United States,31,March,1896.0,,November,1980.0
271,1613,Señora Spencer,Mary Stuart Huntly|Mary Stuart Spencer,https://wfpp.columbia.edu/person/senora-spencer/,,cinema proprietor|business partner>family business partner|exhibitor>motion picture exhibitor|producer|projectionist,Australia,15,May,1871.0,19,April,1940.0
272,1614,Sonya Levien,Sonya Hovey|Sonya Opesken,https://wfpp.columbia.edu/person/sonya-levien/,https://wfpp.columbia.edu/wp-content/uploads/Levien_CCP_FIG175_WFP-LEV011.jpg,adapter|writer>screenwriter>co-screenwriter|continuity|editor>scenario editor,United States,25,December,1888.0,19,March,1960.0
273,1615,Stefanía Socha,,https://wfpp.columbia.edu/person/stefania-socha/,,educator>acting teacher|producer,Peru,2,September,1898.0,22,August,1958.0
274,22000,Stefania Zahorska,Stefania Ernestyna Leser|Ernestyna Leser|Stefania Lesser|Stefanja Zahorska|Pandora,https://wfpp.columbia.edu/person/stefania-zahorska/,https://wfpp.columbia.edu/wp-content/uploads/2017/06/WFP2-ZAH03.png,critic>art critic|scholar>historian>art historian|critic>film critic|scholar>film scholar>film theorist|writer>journalist|writer>novelist,Poland,25,April,1889.0,6,April,1961.0
275,1616,Stella F. Simon,Stella Furchgott,https://wfpp.columbia.edu/person/stella-f-simon/,,director|cinematographer>experimental cinematographer|actress>film actress|visual artist>photographer,Germany|United States,8,February,1878.0,15,March,1973.0
276,21382,Suzanne Marwille,Marta Schölerová,https://wfpp.columbia.edu/person/suzanne-marwille/,https://wfpp.columbia.edu/wp-content/uploads/2020/04/WFP2-MAR09.jpg,actress>film actress|writer>screenwriter,Czechoslovakia|Germany,11,July,1895.0,14,January,1962.0
277,14747,Tazuko Sakane,坂根田鶴子|佐久間田鶴子,https://wfpp.columbia.edu/person/tazuko-sakane/,https://wfpp.columbia.edu/wp-content/uploads/2017/07/WFP2-SAK02.jpeg,director>assistant director|editor|writer>screenwriter|script supervisor,China|Japan,7,December,1904.0,2,September,1975.0
278,1617,Teresita Arce,Teresita Arce-Bouroncle O’Higgins,https://wfpp.columbia.edu/person/teresita-arce/,,actress>film actress|actress>theatre actress|entrepreneur>theatrical entrepreneur,Peru,,,,28,August,1981.0
279,1618,Texas Guinan,Mary Louise Cecelia Guinan,https://wfpp.columbia.edu/person/texas-guinan/,https://wfpp.columbia.edu/wp-content/uploads/2011/11/texas-guinan.jpg,company director|actress>film actress|producer,United States,12,January,1884.0,5,November,1933.0
280,1626,Thea Červenková,Terezie Červenková|lady crazy about film.,https://wfpp.columbia.edu/person/thea-cervenkova/,,director|filmmaker>documentary maker|actress>film actress|film company founding partner|film company owner|critic>film critic|writer>journalist|writer>playwright|producer|writer>screenwriter,Czechoslovakia,27,May,1882.0,,,1961.0
281,1627,Thea von Harbou,Mrs. Rudolf Klein-Rogge,https://wfpp.columbia.edu/person/thea-von-harbou/,https://wfpp.columbia.edu/wp-content/uploads/2011/11/WFP2-VONH01.jpg,adapter|director|writer>novelist|writer>screenwriter|writer>source author|actress>theatre actress,Germany,27,December,1888.0,1,July,1954.0
282,1,Tressie Souders,Tressie Saunders|Tressa Souders,https://wfpp.columbia.edu/person/tressie-souders/,,director|producer|writer>screenwriter,United States,,,,,,
283,1628,Tsuru Aoki,Mrs. Sessue Hayakawa,https://wfpp.columbia.edu/person/tsuru-aoki/,https://wfpp.columbia.edu/wp-content/uploads/WFP-AOK01-AOKI-MAIN1.jpg,actress>film actress|producer|set designer|actress>theatre actress,United States,9,September,1892.0,18,October,1961.0
284,1629,Valda Valkyrien,Baroness Dewitz|Baroness Von Dewitz|Adele Frede|Mrs. Adele Stuart Otto|Mademoiselle Valkyrien,https://wfpp.columbia.edu/person/valda-valkyrien/,https://wfpp.columbia.edu/wp-content/uploads/Valkyrien_CCP_FIG242_WFP-VAL011.jpg,actress>film actress|producer,Denmark|United States,30,September,1894.0,22,October,1956.0
285,20509,Valentina Brumberg,Valentina Semyonovna Brumberg,https://wfpp.columbia.edu/person/valentina-semyonovna-brumberg/,,animator|consultant>artistic council member|director>co-director|editor|writer>screenwriter,Russia and former Soviet Union,2,August,1899.0,28,November,1975.0
286,1630,Vera McCord,,https://wfpp.columbia.edu/person/vera-mccord/,https://wfpp.columbia.edu/wp-content/uploads/2012/02/WFP-MCC01.jpg,educator>acting teacher|adapter|director|actress>film actress|producer|writer>screenwriter|actress>theatre actress,United States,,,1872.0,2,March,1949.0
287,8,Viola Lawrence,Viola Mallory,https://wfpp.columbia.edu/person/viola-lawrence/,https://wfpp.columbia.edu/wp-content/uploads/2014/01/WFP-LAWV02-e1389386617701.jpg,editor>film cutter,United States,2,December,1894.0,20,November,1973.0
288,17569,Virgínia de Castro e Almeida,,https://wfpp.columbia.edu/person/virginia-de-castro-e-almeida/,https://wfpp.columbia.edu/wp-content/uploads/2018/10/WFP2-CAS09.jpg,editor|film company owner|producer|writer>screenwriter|writer>source author,France|Portugal,24,November,1874.0,22,January,1945.0
289,1631,Wanda Tuchock,,https://wfpp.columbia.edu/person/wanda-tuchock/,,adapter|director>co-director|filmmaker>documentary maker|producer|writer>screenwriter,United States,20,March,1898.0,10,February,1985.0
290,1632,Winifred Dunn,Mrs. Harold Swartz,https://wfpp.columbia.edu/person/winifred-dunn/,https://wfpp.columbia.edu/wp-content/uploads/CCP_fig131_Dunn_WFP-DUNN011-e1322801038902.jpg,editor>scenario editor|writer>screenwriter|title writer,United States,,,1898.0,,,
291,15052,Winnifred Eaton,Onoto Watanna|Winnifred Eaton Reeve|Winnifred Reeve|Winnifred Eaton Babcock|Winnifred Babcock|Mrs. Bertrand Babcock|“Winifred”,https://wfpp.columbia.edu/person/winnifred-eaton/,https://wfpp.columbia.edu/wp-content/uploads/2017/09/WFP-EAT01-featured-image-e1504295073989.jpg,adapter|writer>journalist|literary advisor|writer>novelist|editor>scenario editor|writer>screenwriter|title writer,United States,21,August,1875.0,8,April,1954.0
292,16243,Xie Caizhen,謝采貞,https://wfpp.columbia.edu/person/xie-caizhen/,https://wfpp.columbia.edu/wp-content/uploads/2015/05/WFP2-XIE01.jpg,director|actress>film actress,China,,,,,,
293,20995,Yan Shanshan,嚴珊珊|嚴淑姬|絳貞|誠意|Yim San-san|Lily Yam,https://wfpp.columbia.edu/person/yan-shanshan/,https://wfpp.columbia.edu/wp-content/uploads/2020/02/WFP2-SHAN04-featured-image.jpg,agent|business partner>business co-owner|actress>film actress,China|China,22,October,1896.0,2,August,1951.0
294,16184,Yang Naimei,楊耐梅|Yang Lizhu/楊麗珠,https://wfpp.columbia.edu/person/yang-naimei/,https://wfpp.columbia.edu/wp-content/uploads/2015/08/WFP2-YANGN02.jpg,costume designer|actress>film actress|film company owner|producer|writer>screenwriter,China,,,1904.0,27,February,1960.0
295,20512,Zinaida Brumberg,Zinaida Semyonovna Brumberg,https://wfpp.columbia.edu/person/zinaida-semyonovna-brumberg/,https://wfpp.columbia.edu/wp-content/uploads/2019/11/WFP2-BRU02.jpg,animator|consultant>artistic council member|director>co-director|editor|writer>screenwriter,Russia and former Soviet Union,2,August,1900.0,9,February,1983.0
296,5,Zora Neale Hurston,,https://wfpp.columbia.edu/person/zora-neale-hurston/,https://wfpp.columbia.edu/wp-content/uploads/HURSTON-WFP-HUR011.jpg,director|filmmaker>ethnographic filmmaker|writer>novelist|personal assistant|writer>playwright|writer>screenwriter,United States,7,January,1891.0,28,January,1960.0
