,ID,Name,Pseudonyms,Link,Picture,Jobs,Born,Died,Lived in
0,21229,Abby Meehan,,https://wfpp.columbia.edu/person/abby-meehan/,,director|writer,1853,1931,England
1,1342,Ada Aline Urban,Ada Gorecki|Ada Aline Jones,https://wfpp.columbia.edu/person/ada-aline-urban/,https://wfpp.columbia.edu/wp-content/uploads/2018/05/adaalineurban.jpg,business partner|company director,1868,1937,England
2,1342,Ada Aline Urban,Ada Gorecki|Ada Aline Jones,https://wfpp.columbia.edu/person/ada-aline-urban/,https://wfpp.columbia.edu/wp-content/uploads/2018/05/adaalineurban.jpg,business partner|company director,1868,1937,United States
3,9728,Emilia Saleny,Josefina Emilia Saleny|Emilia Saleny Ferrari,https://wfpp.columbia.edu/person/emilia-saleny-2/,https://wfpp.columbia.edu/wp-content/uploads/2013/12/WFP-SAL01-e1391529109275.jpg,educator|director|actress,1894,1978,Argentina
4,1353,Agnes Gavin,Agnes Kurtz|Agnes Adele Wangenheim,https://wfpp.columbia.edu/person/agnes-gavin/,,actress|writer,1872,1948,Australia
5,12539,Beatrice Maude Tildesley,,https://wfpp.columbia.edu/person/beatrice-maude-tildesley/,https://wfpp.columbia.edu/wp-content/uploads/2016/06/WFP2-TILD01.jpg,critic|co-founder|secretary|international women's organizations film correspondent|writer,1886,1977,Australia
6,1407,Caroline Frances Pugliese,,https://wfpp.columbia.edu/person/caroline-frances-pugliese/,,cinema proprietor|producer|business partner|exhibitor,1865,1940,Australia
7,16055,Lottie Lyell,Lottie Edith Cox,https://wfpp.columbia.edu/person/lottie-lyell/,https://wfpp.columbia.edu/wp-content/uploads/2017/09/WFP2-LYE19.jpg,art director|director|editor|actress|producer|writer,1890,1925,Australia
8,1592,Mona Donaldson,Miss D,https://wfpp.columbia.edu/person/mona-donaldson/,,booking clerk|censor|editor,1901,Unknown,Australia
9,1624,Paulette McDonagh,,https://wfpp.columbia.edu/person/paulette-mcdonagh/,https://wfpp.columbia.edu/wp-content/uploads/2012/08/paullete-macdonald.jpg,director|filmmaker|business partner|writer,1901,1978,Australia
10,1613,Señora Spencer,Mary Stuart Huntly|Mary Stuart Spencer,https://wfpp.columbia.edu/person/senora-spencer/,,cinema proprietor|business partner|exhibitor|producer|projectionist,1871,1940,Australia
11,1620,Isabel McDonagh,Marie Lorraine,https://wfpp.columbia.edu/person/isabel-mcdonagh/,https://wfpp.columbia.edu/wp-content/uploads/2012/08/isabell-mcdonagh.jpg,business partner|actress,1899,1982,Australia
12,1620,Isabel McDonagh,Marie Lorraine,https://wfpp.columbia.edu/person/isabel-mcdonagh/,https://wfpp.columbia.edu/wp-content/uploads/2012/08/isabell-mcdonagh.jpg,business partner|actress,1899,1982,England
13,1622,Phyllis McDonagh,,https://wfpp.columbia.edu/person/phyllis-mcdonagh/,https://wfpp.columbia.edu/wp-content/uploads/2012/08/phyllis-mcdonagh.jpg,art director|business partner|writer|producer|publicist,1900,1972,Australia
14,1622,Phyllis McDonagh,,https://wfpp.columbia.edu/person/phyllis-mcdonagh/,https://wfpp.columbia.edu/wp-content/uploads/2012/08/phyllis-mcdonagh.jpg,art director|business partner|writer|producer|publicist,1900,1972,New Zealand
15,1551,Kate Howarde,Catherine Clarissa Black|Catherine Clarissa Jones|Mrs. William Henry de Saxe,https://wfpp.columbia.edu/person/kate-howarde/,https://wfpp.columbia.edu/wp-content/uploads/2012/02/WFP2-HOWA01.jpg,director|writer|actress|producer|critic|director|entrepreneur,1864,1939,Australia
16,1551,Kate Howarde,Catherine Clarissa Black|Catherine Clarissa Jones|Mrs. William Henry de Saxe,https://wfpp.columbia.edu/person/kate-howarde/,https://wfpp.columbia.edu/wp-content/uploads/2012/02/WFP2-HOWA01.jpg,director|writer|actress|producer|critic|director|entrepreneur,1864,1939,New Zealand
17,1551,Kate Howarde,Catherine Clarissa Black|Catherine Clarissa Jones|Mrs. William Henry de Saxe,https://wfpp.columbia.edu/person/kate-howarde/,https://wfpp.columbia.edu/wp-content/uploads/2012/02/WFP2-HOWA01.jpg,director|writer|actress|producer|critic|director|entrepreneur,1864,1939,United States
18,1367,Annette Kellerman,Annette Kellermann|Annette Marie Sarah Kellerman|Mrs. James Sullivan,https://wfpp.columbia.edu/person/annette-kellerman/,https://wfpp.columbia.edu/wp-content/uploads/Kellerman_CCP_FIG168H_WFP-KELA081.jpg,director|director|writer|dressmaker|actress|designer|stunt person,1887,1975,Australia
19,1367,Annette Kellerman,Annette Kellermann|Annette Marie Sarah Kellerman|Mrs. James Sullivan,https://wfpp.columbia.edu/person/annette-kellerman/,https://wfpp.columbia.edu/wp-content/uploads/Kellerman_CCP_FIG168H_WFP-KELA081.jpg,director|director|writer|dressmaker|actress|designer|stunt person,1887,1975,United States
20,1389,Bess Meredyth,Helen MacGlashan|Mrs. Wilfred Lucas|Mrs. Michael Curtiz,https://wfpp.columbia.edu/person/bess-meredyth/,https://wfpp.columbia.edu/wp-content/uploads/Meredyth_CCP_FIG193_WFP-MER021.jpg,adapter|director|comedienne|continuity|extra|actress|editor|writer,1890,1969,Australia
21,1389,Bess Meredyth,Helen MacGlashan|Mrs. Wilfred Lucas|Mrs. Michael Curtiz,https://wfpp.columbia.edu/person/bess-meredyth/,https://wfpp.columbia.edu/wp-content/uploads/Meredyth_CCP_FIG193_WFP-MER021.jpg,adapter|director|comedienne|continuity|extra|actress|editor|writer,1890,1969,United States
22,1453,Dorothy Gordon,Andrea Dorothy Gordon Jenner|Andrea,https://wfpp.columbia.edu/person/dorothy-gordon/,https://wfpp.columbia.edu/wp-content/uploads/2012/02/WFP-GOR06portrait.jpg,art director|musician|writer|dressmaker|extra|actress|producer|reader|stunt person,1891,1985,Australia
23,1453,Dorothy Gordon,Andrea Dorothy Gordon Jenner|Andrea,https://wfpp.columbia.edu/person/dorothy-gordon/,https://wfpp.columbia.edu/wp-content/uploads/2012/02/WFP-GOR06portrait.jpg,art director|musician|writer|dressmaker|extra|actress|producer|reader|stunt person,1891,1985,United States
24,10776,Elsa Chauvel,Elsie May Wilcox|Elsa Silveni/Sylvaney|Ann Wynn,https://wfpp.columbia.edu/person/elsa-chauvel/,https://wfpp.columbia.edu/wp-content/uploads/2015/07/WFP-CHAU02.jpg,director|producer|writer|continuity|dressmaker|director|actress|make-up|producer|stunt person,1898,1983,Australia
25,10776,Elsa Chauvel,Elsie May Wilcox|Elsa Silveni/Sylvaney|Ann Wynn,https://wfpp.columbia.edu/person/elsa-chauvel/,https://wfpp.columbia.edu/wp-content/uploads/2015/07/WFP-CHAU02.jpg,director|producer|writer|continuity|dressmaker|director|actress|make-up|producer|stunt person,1898,1983,United States
26,1565,Louise Lovely,Louise Carbasse|Louise Welch,https://wfpp.columbia.edu/person/louise-lovely/,https://wfpp.columbia.edu/wp-content/uploads/2012/02/WFP2-LOVE03.jpg,director|writer|director|editor|actress|producer|designer,1895,1980,Australia
27,1565,Louise Lovely,Louise Carbasse|Louise Welch,https://wfpp.columbia.edu/person/louise-lovely/,https://wfpp.columbia.edu/wp-content/uploads/2012/02/WFP2-LOVE03.jpg,director|writer|director|editor|actress|producer|designer,1895,1980,United States
28,17005,Louise Kolm-Fleck,Louise/Luise Veltée|Louise/Luise Kolm|Louise/Luise Fleck,https://wfpp.columbia.edu/person/louise-kolm-fleck/,https://wfpp.columbia.edu/wp-content/uploads/2018/08/WFP2-FLE01-featured-imagejpg.jpg,director|producer|writer|film company founding partner,1873,1950,Austria
29,17005,Louise Kolm-Fleck,Louise/Luise Veltée|Louise/Luise Kolm|Louise/Luise Fleck,https://wfpp.columbia.edu/person/louise-kolm-fleck/,https://wfpp.columbia.edu/wp-content/uploads/2018/08/WFP2-FLE01-featured-imagejpg.jpg,director|producer|writer|film company founding partner,1873,1950,China
30,17005,Louise Kolm-Fleck,Louise/Luise Veltée|Louise/Luise Kolm|Louise/Luise Fleck,https://wfpp.columbia.edu/person/louise-kolm-fleck/,https://wfpp.columbia.edu/wp-content/uploads/2018/08/WFP2-FLE01-featured-imagejpg.jpg,director|producer|writer|film company founding partner,1873,1950,Germany
31,1537,Ida Jenbach,Ida Jakobovits,https://wfpp.columbia.edu/person/ida-jenbach/,,adapter|director|dramaturge|co-founder|writer|actress,1868,1943,Austria
32,1537,Ida Jenbach,Ida Jakobovits,https://wfpp.columbia.edu/person/ida-jenbach/,,adapter|director|dramaturge|co-founder|writer|actress,1868,1943,Germany
33,1404,Carmen Cartellieri,Franziska Ottilia Cartellieri|Carmen Teschen|Mrs. Emanuel Ziffer Edler von Teschenbruck|Mrs. Mano Ziffer-Teschenbruck,https://wfpp.columbia.edu/person/carmen-cartellieri/,https://wfpp.columbia.edu/wp-content/uploads/2013/08/WFP2-CART09.jpg,writer|actress|producer,1891,1953,Austria
34,1404,Carmen Cartellieri,Franziska Ottilia Cartellieri|Carmen Teschen|Mrs. Emanuel Ziffer Edler von Teschenbruck|Mrs. Mano Ziffer-Teschenbruck,https://wfpp.columbia.edu/person/carmen-cartellieri/,https://wfpp.columbia.edu/wp-content/uploads/2013/08/WFP2-CART09.jpg,writer|actress|producer,1891,1953,Germany
35,1404,Carmen Cartellieri,Franziska Ottilia Cartellieri|Carmen Teschen|Mrs. Emanuel Ziffer Edler von Teschenbruck|Mrs. Mano Ziffer-Teschenbruck,https://wfpp.columbia.edu/person/carmen-cartellieri/,https://wfpp.columbia.edu/wp-content/uploads/2013/08/WFP2-CART09.jpg,writer|actress|producer,1891,1953,Hungary
36,1405,Carmen Santos,Maria do Carmo Santos,https://wfpp.columbia.edu/person/carmen-santos/,https://wfpp.columbia.edu/wp-content/uploads/2013/08/WFP-SANT08.jpg,director|actress|film company founding partner|producer|writer,1904,1952,Brazil
37,17726,Cleo de Verberena,Jacyra Martins da Silveira,https://wfpp.columbia.edu/person/cleo-de-verberena/,https://wfpp.columbia.edu/wp-content/uploads/2018/11/WFP-VER06-e1542400402414.jpg,director|actress|film company founding partner|film company owner,1904,1972,Brazil
38,21695,Eva Nil,Eva Comello,https://wfpp.columbia.edu/person/eva-nil/,https://wfpp.columbia.edu/wp-content/uploads/2020/07/WFP2-NIL01-scaled.jpg,actress|film company owner|producer,1909,1990,Brazil
39,13054,Dorothea Mitchell,“Lady Lumberjack”,https://wfpp.columbia.edu/person/dorothea-mitchell/,https://wfpp.columbia.edu/wp-content/uploads/2016/07/WFP2-MIT03-featured-image.jpg,filmmaker|cinematographer|director|editor|actress|co-founder|producer|writer,1877,1976,Canada
40,11709,Emma Gendron,Manon|Mrs. Allan Robert Green,https://wfpp.columbia.edu/person/emma-gendron/,,writer,1895,1953,Canada
41,12315,May Watkis,Hilda May Gowen|May Gowen Watkis|M.G. Watkis|May G. Watkis,https://wfpp.columbia.edu/person/may-watkis/,https://wfpp.columbia.edu/wp-content/uploads/2020/04/WFP2-WAT02-featured-image-e1586527694737.jpg,censor|government official|projectionist,1879,1940,Canada
42,12816,Lotte Reiniger,,https://wfpp.columbia.edu/person/lotte-reiniger/,https://wfpp.columbia.edu/wp-content/uploads/2017/09/WFP2-REI02-featrued-images.jpg,animator|director|director|actress|visual artist|writer|cinematographer,1899,1981,Canada
43,12816,Lotte Reiniger,,https://wfpp.columbia.edu/person/lotte-reiniger/,https://wfpp.columbia.edu/wp-content/uploads/2017/09/WFP2-REI02-featrued-images.jpg,animator|director|director|actress|visual artist|writer|cinematographer,1899,1981,England
44,12816,Lotte Reiniger,,https://wfpp.columbia.edu/person/lotte-reiniger/,https://wfpp.columbia.edu/wp-content/uploads/2017/09/WFP2-REI02-featrued-images.jpg,animator|director|director|actress|visual artist|writer|cinematographer,1899,1981,Germany
45,12816,Lotte Reiniger,,https://wfpp.columbia.edu/person/lotte-reiniger/,https://wfpp.columbia.edu/wp-content/uploads/2017/09/WFP2-REI02-featrued-images.jpg,animator|director|director|actress|visual artist|writer|cinematographer,1899,1981,Italy
46,11496,Marie de Kerstrat,Marie Joséphine Charlotte de Tréourret de Kerstrat|Countess Gustave de Grandsaignes d’Hauterives,https://wfpp.columbia.edu/person/marie-de-kerstrat/,https://wfpp.columbia.edu/wp-content/uploads/2015/09/WFP2-KER01.jpg,business partner|exhibitor|manager,1841,1920,Canada
47,11496,Marie de Kerstrat,Marie Joséphine Charlotte de Tréourret de Kerstrat|Countess Gustave de Grandsaignes d’Hauterives,https://wfpp.columbia.edu/person/marie-de-kerstrat/,https://wfpp.columbia.edu/wp-content/uploads/2015/09/WFP2-KER01.jpg,business partner|exhibitor|manager,1841,1920,France
48,11496,Marie de Kerstrat,Marie Joséphine Charlotte de Tréourret de Kerstrat|Countess Gustave de Grandsaignes d’Hauterives,https://wfpp.columbia.edu/person/marie-de-kerstrat/,https://wfpp.columbia.edu/wp-content/uploads/2015/09/WFP2-KER01.jpg,business partner|exhibitor|manager,1841,1920,United States
49,1542,Jenny Gilbertson,Jenny Brown|Jenny Brown Gilbertson,https://wfpp.columbia.edu/person/jenny-gilbertson/,https://wfpp.columbia.edu/wp-content/uploads/2012/02/WFP2-GIL01.jpg,cinematographer|director|filmmaker|editor|producer|writer,1902,1990,Canada
50,1542,Jenny Gilbertson,Jenny Brown|Jenny Brown Gilbertson,https://wfpp.columbia.edu/person/jenny-gilbertson/,https://wfpp.columbia.edu/wp-content/uploads/2012/02/WFP2-GIL01.jpg,cinematographer|director|filmmaker|editor|producer|writer,1902,1990,Scotland
51,1599,Nell Shipman,Helen Foster-Barham|Helen Shipman|Helen Barham Shipman,https://wfpp.columbia.edu/person/nell-shipman/,https://wfpp.columbia.edu/wp-content/uploads/Shipman_CCP_FIG223_WFP-SHI021.jpg,director|editor|actress|film company owner|producer|writer,1892,1970,Canada
52,1599,Nell Shipman,Helen Foster-Barham|Helen Shipman|Helen Barham Shipman,https://wfpp.columbia.edu/person/nell-shipman/,https://wfpp.columbia.edu/wp-content/uploads/Shipman_CCP_FIG223_WFP-SHI021.jpg,director|editor|actress|film company owner|producer|writer,1892,1970,United States
53,12341,Ray Lewis,Rae Levinsky|Ray L. Levinsky|Mrs. Joshua Smith,https://wfpp.columbia.edu/person/ray-lewis/,https://wfpp.columbia.edu/wp-content/uploads/2015/04/WFP2-LEW01.jpg,dancer|distributor|exhibitor|critic|writer|actress|editor|publisher|dressmaker,1883,1954,Canada
54,12341,Ray Lewis,Rae Levinsky|Ray L. Levinsky|Mrs. Joshua Smith,https://wfpp.columbia.edu/person/ray-lewis/,https://wfpp.columbia.edu/wp-content/uploads/2015/04/WFP2-LEW01.jpg,dancer|distributor|exhibitor|critic|writer|actress|editor|publisher|dressmaker,1883,1954,United States
55,1362,Alicia Armstrong de Vicuña,,https://wfpp.columbia.edu/person/alicia-armstrong-de-vicuna/,,director,Unknown,Unknown,Chile
56,1509,Gabriela von Bussenius Vega,The first Chilean female filmmaker|Mrs. Salvador Giambastiani|Gaby von Bussenius Vega,https://wfpp.columbia.edu/person/gaby-von-bussenius-vega/,https://wfpp.columbia.edu/wp-content/uploads/CCP_FIG263_Vega_WFP-VEG011.jpg,art director|critic|writer|producer|writer|director,1901,1975,Chile
57,1606,Rosario Rodríguez de la Serna,,https://wfpp.columbia.edu/person/rosario-rodriguez-de-la-serna/,,director|actress|film company owner|producer,Unknown,Unknown,Chile
58,15129,Helen Wang,Wang Hanlun/王漢倫|Peng Jianqing/彭劍青,https://wfpp.columbia.edu/person/helen-wang/,https://wfpp.columbia.edu/wp-content/uploads/2015/07/WFP2-WANGH02-e1505159308347.jpg,director|distributor|editor|actress|producer,1903,1978,China
59,16213,Pearl Ing,Yin Mingzhu/殷明珠|Yin Shangxian/殷尚賢|Longguan|Miss F.F.,https://wfpp.columbia.edu/person/pearl-ing/,https://wfpp.columbia.edu/wp-content/uploads/2018/02/Pearl-Ing-featured-image-e1520015062760.jpg,actress|investor|producer,1904,1989,China
60,10693,Pu Shunqing,濮舜卿,https://wfpp.columbia.edu/person/pu-shunqing-2/,https://wfpp.columbia.edu/wp-content/uploads/2014/12/WFP2-SHUN06-FI.jpg,director|actress|writer,1902,Unknown,China
61,16243,Xie Caizhen,謝采貞,https://wfpp.columbia.edu/person/xie-caizhen/,https://wfpp.columbia.edu/wp-content/uploads/2015/05/WFP2-XIE01.jpg,director|actress,Unknown,Unknown,China
62,16184,Yang Naimei,楊耐梅|Yang Lizhu/楊麗珠,https://wfpp.columbia.edu/person/yang-naimei/,https://wfpp.columbia.edu/wp-content/uploads/2015/08/WFP2-YANGN02.jpg,dressmaker|actress|film company owner|producer|writer,1904,1960,China
63,14312,Fan Xuepeng,范雪朋|姚雄飛,https://wfpp.columbia.edu/person/fan-xuepeng/,https://wfpp.columbia.edu/wp-content/uploads/2017/05/WFP2-FAN04-featured-e1494880549630.jpg,actress|film company owner|producer|engineer|designer|actress,1908,1974,China
64,14312,Fan Xuepeng,范雪朋|姚雄飛,https://wfpp.columbia.edu/person/fan-xuepeng/,https://wfpp.columbia.edu/wp-content/uploads/2017/05/WFP2-FAN04-featured-e1494880549630.jpg,actress|film company owner|producer|engineer|designer|actress,1908,1974,Hong Kong
65,20995,Yan Shanshan,嚴珊珊|嚴淑姬|絳貞|誠意|Yim San-san|Lily Yam,https://wfpp.columbia.edu/person/yan-shanshan/,https://wfpp.columbia.edu/wp-content/uploads/2020/02/WFP2-SHAN04-featured-image.jpg,agent|business partner|actress,1896,1951,China
66,20995,Yan Shanshan,嚴珊珊|嚴淑姬|絳貞|誠意|Yim San-san|Lily Yam,https://wfpp.columbia.edu/person/yan-shanshan/,https://wfpp.columbia.edu/wp-content/uploads/2020/02/WFP2-SHAN04-featured-image.jpg,agent|business partner|actress,1896,1951,Hong Kong
67,14747,Tazuko Sakane,坂根田鶴子|佐久間田鶴子,https://wfpp.columbia.edu/person/tazuko-sakane/,https://wfpp.columbia.edu/wp-content/uploads/2017/07/WFP2-SAK02.jpeg,director|editor|writer|script,1904,1975,China
68,14747,Tazuko Sakane,坂根田鶴子|佐久間田鶴子,https://wfpp.columbia.edu/person/tazuko-sakane/,https://wfpp.columbia.edu/wp-content/uploads/2017/07/WFP2-SAK02.jpeg,director|editor|writer|script,1904,1975,Japan
69,17058,Kathleen Romoli,Kathleen Martin|Kathleen Whitnack|Kathleen Avery,https://wfpp.columbia.edu/person/kathleen-romoli/,https://wfpp.columbia.edu/wp-content/uploads/2013/08/WFP-ROM01.jpg,anthropologist|filmmaker|scholar|filmmaker|writer,1897,1979,Colombia
70,1626,Thea Červenková,Terezie Červenková|lady crazy about film.,https://wfpp.columbia.edu/person/thea-cervenkova/,,director|filmmaker|actress|film company founding partner|film company owner|critic|writer|producer,1882,1961,Czechoslovakia
71,21382,Suzanne Marwille,Marta Schölerová,https://wfpp.columbia.edu/person/suzanne-marwille/,https://wfpp.columbia.edu/wp-content/uploads/2020/04/WFP2-MAR09.jpg,actress|writer,1895,1962,Czechoslovakia
72,21382,Suzanne Marwille,Marta Schölerová,https://wfpp.columbia.edu/person/suzanne-marwille/,https://wfpp.columbia.edu/wp-content/uploads/2020/04/WFP2-MAR09.jpg,actress|writer,1895,1962,Germany
73,14793,Asta Nielsen,Asta Nielsen-Gad,https://wfpp.columbia.edu/person/asta-nielsen-2/,https://wfpp.columbia.edu/wp-content/uploads/2017/06/WFP2-NIE05.jpg,actress|film company owner|producer,1881,1972,Denmark
74,14793,Asta Nielsen,Asta Nielsen-Gad,https://wfpp.columbia.edu/person/asta-nielsen-2/,https://wfpp.columbia.edu/wp-content/uploads/2017/06/WFP2-NIE05.jpg,actress|film company owner|producer,1881,1972,Germany
75,17864,Emilie Sannom,Mille|Emilie Kristine Valborg Sannom,https://wfpp.columbia.edu/person/emilie-sannom/,https://wfpp.columbia.edu/wp-content/uploads/2018/11/WFP2-SANN07-e1544821231224.jpg,actress|writer|designer|stunt person,1886,1931,Denmark
76,17864,Emilie Sannom,Mille|Emilie Kristine Valborg Sannom,https://wfpp.columbia.edu/person/emilie-sannom/,https://wfpp.columbia.edu/wp-content/uploads/2018/11/WFP2-SANN07-e1544821231224.jpg,actress|writer|designer|stunt person,1886,1931,Germany
77,17864,Emilie Sannom,Mille|Emilie Kristine Valborg Sannom,https://wfpp.columbia.edu/person/emilie-sannom/,https://wfpp.columbia.edu/wp-content/uploads/2018/11/WFP2-SANN07-e1544821231224.jpg,actress|writer|designer|stunt person,1886,1931,Italy
78,1705,Aud Egede-Nissen,Mrs. Georg Alexander|Aug Egede-Nissen|Aud Richter|Mrs. Paul Richter,https://wfpp.columbia.edu/person/aud-egede-nissen/,https://wfpp.columbia.edu/wp-content/uploads/2012/01/WFP2-EGE01.jpg,actress|film company owner|producer,1893,1974,Denmark
79,1705,Aud Egede-Nissen,Mrs. Georg Alexander|Aug Egede-Nissen|Aud Richter|Mrs. Paul Richter,https://wfpp.columbia.edu/person/aud-egede-nissen/,https://wfpp.columbia.edu/wp-content/uploads/2012/01/WFP2-EGE01.jpg,actress|film company owner|producer,1893,1974,Germany
80,1705,Aud Egede-Nissen,Mrs. Georg Alexander|Aug Egede-Nissen|Aud Richter|Mrs. Paul Richter,https://wfpp.columbia.edu/person/aud-egede-nissen/,https://wfpp.columbia.edu/wp-content/uploads/2012/01/WFP2-EGE01.jpg,actress|film company owner|producer,1893,1974,Norway
81,1370,Gerd Egede-Nissen,,https://wfpp.columbia.edu/person/gerd-egede-nissen/,,actress,1895,1988,Denmark
82,1370,Gerd Egede-Nissen,,https://wfpp.columbia.edu/person/gerd-egede-nissen/,,actress,1895,1988,Germany
83,1370,Gerd Egede-Nissen,,https://wfpp.columbia.edu/person/gerd-egede-nissen/,,actress,1895,1988,Norway
84,14908,Harriet Bloch,Harriet Fussing,https://wfpp.columbia.edu/person/harriet-bloch/,https://wfpp.columbia.edu/wp-content/uploads/2017/06/WFP2-BLO01.jpg,writer,1881,1975,Denmark
85,14908,Harriet Bloch,Harriet Fussing,https://wfpp.columbia.edu/person/harriet-bloch/,https://wfpp.columbia.edu/wp-content/uploads/2017/06/WFP2-BLO01.jpg,writer,1881,1975,Germany
86,14908,Harriet Bloch,Harriet Fussing,https://wfpp.columbia.edu/person/harriet-bloch/,https://wfpp.columbia.edu/wp-content/uploads/2017/06/WFP2-BLO01.jpg,writer,1881,1975,Sweden
87,1629,Valda Valkyrien,Baroness Dewitz|Baroness Von Dewitz|Adele Frede|Mrs. Adele Stuart Otto|Mademoiselle Valkyrien,https://wfpp.columbia.edu/person/valda-valkyrien/,https://wfpp.columbia.edu/wp-content/uploads/Valkyrien_CCP_FIG242_WFP-VAL011.jpg,actress|producer,1894,1956,Denmark
88,1629,Valda Valkyrien,Baroness Dewitz|Baroness Von Dewitz|Adele Frede|Mrs. Adele Stuart Otto|Mademoiselle Valkyrien,https://wfpp.columbia.edu/person/valda-valkyrien/,https://wfpp.columbia.edu/wp-content/uploads/Valkyrien_CCP_FIG242_WFP-VAL011.jpg,actress|producer,1894,1956,United States
89,1399,Blanche MacIntosh,Blanche MacIntosh Hubbard|Blanche Mary MacIntosh|Blanche McIntosh,https://wfpp.columbia.edu/person/blanche-macintosh/,,adapter|reader|writer,1877,1954,England
90,1408,Caroline Lejeune,C.A. L.|C.A. Lejeune|Mrs. Edward Roffe Thompson,https://wfpp.columbia.edu/person/caroline-lejeune/,,critic,1897,1973,England
91,4692,Dorothea Baird,Mrs. H.B. Iriving,https://wfpp.columbia.edu/person/dorothea-baird/,https://wfpp.columbia.edu/wp-content/uploads/2013/08/WFP2-BAI03.jpg,actress|writer,1875,1933,England
92,9897,Encarnacion Rosa Scott,Mrs. Walter Comrie Scott,https://wfpp.columbia.edu/person/encarnacion-rosa-scott/,,distributor|film company shareholder|,1887,1953,England
93,1474,Enid Lorimer,Enid Bosworth Nunn|Mrs. Wentworth Zerffi,https://wfpp.columbia.edu/person/enid-lorimer/,,business partner|writer|scenarist|actress|entrepreneur,1887,1982,England
94,1529,Gwladys, Marchioness of Townshend|G.E.G.E. Townshend of Raynham|The Marchioness of Townshend of Raynham|Gwladys Ethel Gwendolen Eugénie Sutherst|Gladys Ethyl Gwendolen Eugenia Sutherst Townshend,https://wfpp.columbia.edu/person/gwladys-marchioness-of-townshend/,https://wfpp.columbia.edu/wp-content/uploads/2012/02/WFP2-TOW2Dcovercrop.jpg,writer,1884,1959,England
95,1534,Henderina Victoria Scott,Henderina (Rina) Victoria Klaassen|Mrs. D. H. Scott|Rina Scott,https://wfpp.columbia.edu/person/henderina-victoria-scott/,,cinematographer,1862,1929,England
96,1539,Jackeydawra Melford,Mrs. Wallace Colgate|Alice Bradshaw Jackeydora Melford,https://wfpp.columbia.edu/person/jackeydawra-melford/,https://wfpp.columbia.edu/wp-content/uploads/2016/11/WFP2-MELF01.jpg,director|actress|producer,1888,1984,England
97,1543,Jessica Elvira Borthwick,Jessie Borthwick|Nell Foy,https://wfpp.columbia.edu/person/jessica-elvira-borthwick/,https://wfpp.columbia.edu/wp-content/uploads/2013/09/WFP2-BORT03-featured-image-e1510932477927.jpg,lecturer|cinematographer|visual artist,1888,1946,England
98,1555,Laura Bayley,Laura Eugenia Bayley|L.E.S|Laura Eugenia Smith|Mrs. George Albert Smith,https://wfpp.columbia.edu/person/laura-bayley/,,accountant|cinematographer|actress|secretary,1864,1938,England
99,16586,Leila Lewis,Leila Stewart,https://wfpp.columbia.edu/person/leila-lewis/,https://wfpp.columbia.edu/wp-content/uploads/2018/05/Leila-Stewart.-GettyImages-102578822_master.jpg,director|critic|writer|manager,1893,1939,England
100,12923,Lydia Hayward,Lydia Elizabeth Hayward|Lydia Elizabeth Forrest|Lydia Elizabeth Freshman,https://wfpp.columbia.edu/person/lydia-hayward/,https://wfpp.columbia.edu/wp-content/uploads/2017/07/WFP-HAY01-e1501872735855.jpg,adapter|actress|editor|scenarist|writer,1879,1945,England
101,1573,Margaret Hepworth,Mrs. Hepworth|Margaret Hope McGuffie|Margarete McGuffie Hepworth,https://wfpp.columbia.edu/person/margaret-mcguffie-hepworth/,,business partner|actress|writer,1874,1917,England
102,12778,Marie Stopes,Marie Carmichael|Marie Carmichael Stopes|Marie Charlotte Carmichael Stopes,https://wfpp.columbia.edu/person/marie-stopes/,https://wfpp.columbia.edu/wp-content/uploads/2016/06/WFP2-STOP04-featured-image.jpg,consultant|writer,1880,1958,England
103,1598,Nell Emerald,Mrs. N. Beattie|Ellen Maud O’Shea,https://wfpp.columbia.edu/person/nell-emerald/,,company director|actress|musician|producer|writer,1882,1969,England
104,1450,Dorothy Farnum,Mrs. Maurice Barber,https://wfpp.columbia.edu/person/dorothy-farnum/,https://wfpp.columbia.edu/wp-content/uploads/CCP_Farnum_FIG134B_WFP-FARN011-e1322805644298.jpg,adapter|actress|writer,1896,1970,England
105,1450,Dorothy Farnum,Mrs. Maurice Barber,https://wfpp.columbia.edu/person/dorothy-farnum/,https://wfpp.columbia.edu/wp-content/uploads/CCP_Farnum_FIG134B_WFP-FARN011-e1322805644298.jpg,adapter|actress|writer,1896,1970,France
106,1450,Dorothy Farnum,Mrs. Maurice Barber,https://wfpp.columbia.edu/person/dorothy-farnum/,https://wfpp.columbia.edu/wp-content/uploads/CCP_Farnum_FIG134B_WFP-FARN011-e1322805644298.jpg,adapter|actress|writer,1896,1970,United States
107,1575,Margaret Turnbull,,https://wfpp.columbia.edu/person/margaret-turnbull/,https://wfpp.columbia.edu/wp-content/uploads/2013/08/WFP-TURNB01.jpg,adapter|writer,1872,1942,England
108,1575,Margaret Turnbull,,https://wfpp.columbia.edu/person/margaret-turnbull/,https://wfpp.columbia.edu/wp-content/uploads/2013/08/WFP-TURNB01.jpg,adapter|writer,1872,1942,France
109,1575,Margaret Turnbull,,https://wfpp.columbia.edu/person/margaret-turnbull/,https://wfpp.columbia.edu/wp-content/uploads/2013/08/WFP-TURNB01.jpg,adapter|writer,1872,1942,United States
110,1587,Mary Murillo,Mary O’Connor|Mary Velle,https://wfpp.columbia.edu/person/mary-murillo/,https://wfpp.columbia.edu/wp-content/uploads/2016/05/WFP2-MURI15.jpg,adapter|film company managing director|writer|actress,1888,1944,England
111,1587,Mary Murillo,Mary O’Connor|Mary Velle,https://wfpp.columbia.edu/person/mary-murillo/,https://wfpp.columbia.edu/wp-content/uploads/2016/05/WFP2-MURI15.jpg,adapter|film company managing director|writer|actress,1888,1944,France
112,1587,Mary Murillo,Mary O’Connor|Mary Velle,https://wfpp.columbia.edu/person/mary-murillo/,https://wfpp.columbia.edu/wp-content/uploads/2016/05/WFP2-MURI15.jpg,adapter|film company managing director|writer|actress,1888,1944,United States
113,11896,Sarah Bernhardt,Henrietta Rosine Bernard|Sara-Marie-Henriette Bernhardt,https://wfpp.columbia.edu/person/sarah-bernhardt/,https://wfpp.columbia.edu/wp-content/uploads/2016/02/WFP2-BERN09.jpg,actress|writer|painter|producer|visual artist|director|manager,1844,1923,England
114,11896,Sarah Bernhardt,Henrietta Rosine Bernard|Sara-Marie-Henriette Bernhardt,https://wfpp.columbia.edu/person/sarah-bernhardt/,https://wfpp.columbia.edu/wp-content/uploads/2016/02/WFP2-BERN09.jpg,actress|writer|painter|producer|visual artist|director|manager,1844,1923,France
115,11896,Sarah Bernhardt,Henrietta Rosine Bernard|Sara-Marie-Henriette Bernhardt,https://wfpp.columbia.edu/person/sarah-bernhardt/,https://wfpp.columbia.edu/wp-content/uploads/2016/02/WFP2-BERN09.jpg,actress|writer|painter|producer|visual artist|director|manager,1844,1923,United States
116,1590,May Clark,Mabel Clark|May French|May Whitton|Mabel Louise Clark,https://wfpp.columbia.edu/person/may-clark/,,cinematographer|carpenter|producer|executive|dressmaker|business partner|actress|laboratory worker|dressmaker|set decorator|cinematographer,1885,1971,England
117,1590,May Clark,Mabel Clark|May French|May Whitton|Mabel Louise Clark,https://wfpp.columbia.edu/person/may-clark/,,cinematographer|carpenter|producer|executive|dressmaker|business partner|actress|laboratory worker|dressmaker|set decorator|cinematographer,1885,1971,Ireland
118,20799,Dorothea Donn-Byrne,Dolly Byrne|Dolly Donn-Byrne|Dolly Donn Byrne|Dorothea Cadogan|Dorothea Donn Byrne|Dorothea Mary Cadogan|Dorothea Mary Elizabeth Antonia Cadogan|Dorothea Mary Elizabeth Cadogan Byrne|Dorothy Cadogan|Dorothy Craig|Dorothy Mary Cadogan|Mrs. Donn Byrne.,https://wfpp.columbia.edu/person/dorothea-donn-byrne/,https://wfpp.columbia.edu/wp-content/uploads/2020/01/Dorothea-featured-image.jpg,adapter|writer|actress,1888,1963,England
119,20799,Dorothea Donn-Byrne,Dolly Byrne|Dolly Donn-Byrne|Dolly Donn Byrne|Dorothea Cadogan|Dorothea Donn Byrne|Dorothea Mary Cadogan|Dorothea Mary Elizabeth Antonia Cadogan|Dorothea Mary Elizabeth Cadogan Byrne|Dorothy Cadogan|Dorothy Craig|Dorothy Mary Cadogan|Mrs. Donn Byrne.,https://wfpp.columbia.edu/person/dorothea-donn-byrne/,https://wfpp.columbia.edu/wp-content/uploads/2020/01/Dorothea-featured-image.jpg,adapter|writer|actress,1888,1963,Ireland
120,20799,Dorothea Donn-Byrne,Dolly Byrne|Dolly Donn-Byrne|Dolly Donn Byrne|Dorothea Cadogan|Dorothea Donn Byrne|Dorothea Mary Cadogan|Dorothea Mary Elizabeth Antonia Cadogan|Dorothea Mary Elizabeth Cadogan Byrne|Dorothy Cadogan|Dorothy Craig|Dorothy Mary Cadogan|Mrs. Donn Byrne.,https://wfpp.columbia.edu/person/dorothea-donn-byrne/,https://wfpp.columbia.edu/wp-content/uploads/2020/01/Dorothea-featured-image.jpg,adapter|writer|actress,1888,1963,United States
121,11009,Alma Reville,Mrs. Alfred Hitchcock,https://wfpp.columbia.edu/person/alma-reville/,https://wfpp.columbia.edu/wp-content/uploads/2016/04/Alma-Reville-featured-image-e1461941199404.jpg,director|continuity|editor|actress|writer|director,1899,1982,England
122,11009,Alma Reville,Mrs. Alfred Hitchcock,https://wfpp.columbia.edu/person/alma-reville/,https://wfpp.columbia.edu/wp-content/uploads/2016/04/Alma-Reville-featured-image-e1461941199404.jpg,director|continuity|editor|actress|writer|director,1899,1982,United States
123,1459,Elinor Glyn,Elinor Sutherland|Madame Glyn,https://wfpp.columbia.edu/person/elinor-glyn/,https://wfpp.columbia.edu/wp-content/uploads/Glyn_CCP_FIG141_WFP-GLY021.jpg,adapter|consultant|director|extra|film company owner|writer|producer,1864,1943,England
124,1459,Elinor Glyn,Elinor Sutherland|Madame Glyn,https://wfpp.columbia.edu/person/elinor-glyn/,https://wfpp.columbia.edu/wp-content/uploads/Glyn_CCP_FIG141_WFP-GLY021.jpg,adapter|consultant|director|extra|film company owner|writer|producer,1864,1943,United States
125,1497,Florence Turner,The Vitagraph Girl,https://wfpp.columbia.edu/person/florence-turner/,https://wfpp.columbia.edu/wp-content/uploads/Turner_CCP_FIG239_WFP-TURNE011.jpg,accountant|director|actress|film company owner|musician|producer|writer|dressmaker,1887,1946,England
126,1497,Florence Turner,The Vitagraph Girl,https://wfpp.columbia.edu/person/florence-turner/,https://wfpp.columbia.edu/wp-content/uploads/Turner_CCP_FIG239_WFP-TURNE011.jpg,accountant|director|actress|film company owner|musician|producer|writer|dressmaker,1887,1946,United States
127,11517,Iris Barry,,https://wfpp.columbia.edu/person/iris-barry/,https://wfpp.columbia.edu/wp-content/uploads/2015/10/WFP-BARRY02-featured-image.jpg,critic|film curator|writer|preservationist,1895,1969,England
128,11517,Iris Barry,,https://wfpp.columbia.edu/person/iris-barry/,https://wfpp.columbia.edu/wp-content/uploads/2015/10/WFP-BARRY02-featured-image.jpg,critic|film curator|writer|preservationist,1895,1969,United States
129,14244,Mary O'Connor,Mary Hamilton O’Connor,https://wfpp.columbia.edu/person/mary-oconnor/,https://wfpp.columbia.edu/wp-content/uploads/2017/05/WFP-OCONN01.jpg,guild shareholder|manager|reader|writer|editor,1872,1959,England
130,14244,Mary O'Connor,Mary Hamilton O’Connor,https://wfpp.columbia.edu/person/mary-oconnor/,https://wfpp.columbia.edu/wp-content/uploads/2017/05/WFP-OCONN01.jpg,guild shareholder|manager|reader|writer|editor,1872,1959,United States
131,1604,Paula Blackton,Mrs. J. Stuart Blackton|Paula Dean|Paula Hilburn,https://wfpp.columbia.edu/person/paula-blackton/,https://wfpp.columbia.edu/wp-content/uploads/CCP_Blackton_FIGX_WFP-BLAP021.jpg,dressmaker|director|actress|writer,1881,1930,England
132,1604,Paula Blackton,Mrs. J. Stuart Blackton|Paula Dean|Paula Hilburn,https://wfpp.columbia.edu/person/paula-blackton/,https://wfpp.columbia.edu/wp-content/uploads/CCP_Blackton_FIGX_WFP-BLAP021.jpg,dressmaker|director|actress|writer,1881,1930,United States
133,17526,Aili Kari,Aili Lucina Kari,https://wfpp.columbia.edu/person/aili-kari/,https://wfpp.columbia.edu/wp-content/uploads/2018/10/WFP2-KAR01-featured-image.jpg,accountant|actress|manager|secretary,1899,1994,Finland
134,12583,Gerda Hintze,Gerda Amanda Hintze,https://wfpp.columbia.edu/person/gerda-hintze/,https://wfpp.columbia.edu/wp-content/uploads/2016/05/WFP2-HIN01-featured-image-e1463064465753.jpg,writer,1905,1977,Finland
135,10807,Jenny Strömberg,Johanna Strömberg|Johanna Charlotta Erling,https://wfpp.columbia.edu/person/jenny-stromberg/,,society matron,1858,Unknown,Finland
136,14166,Katri Viita,Karin Elisabet Viitainoja|Karin Elisabet Kaarna|Kaarina Kaarna|Kaarina Koskenvoima|Tuulikki Kallio|Kleopatra|Kaisu Vaara|Irja Vuosalo,https://wfpp.columbia.edu/person/katri-viita/,https://wfpp.columbia.edu/wp-content/uploads/2016/05/WFP2-VII01.jpg,writer|film company board member,1898,1972,Finland
137,21480,Berthe Thuillier,Marie-Berthe Thuillier|Berthe Thuillier|Mlle B.T.|Berthe Boutier|Veuve Beaupuy,https://wfpp.columbia.edu/person/berthe-thuillier/,,film colorist|visual artist,1867,1947,France
138,14923,Christiane Mendelys,Christiane Wague|Clotilde Marigaux|Christiane Mandelys|Christiane Mendelyes|“Le Rat du Moulin”,https://wfpp.columbia.edu/person/christiane-mendelys/,https://wfpp.columbia.edu/wp-content/uploads/2017/08/WFP2-MEND09-featured-image.jpg,musician|actress|critic|pantomime|scenarist|writer,1873,1957,France
139,14097,Eliane Tayar,,https://wfpp.columbia.edu/person/eliane-tayar/,https://wfpp.columbia.edu/wp-content/uploads/2017/04/WFP2-TAY01.jpg,|director|filmmaker|extra|actress|critic|writer,1904,1986,France
140,21479,Élisabeth Thuillier,Élisabeth Aléné|Veuve Thuillier,https://wfpp.columbia.edu/person/elisabeth-thuillier/,,film colorist,1841,1907,France
141,12350,Georgette Méliès,Mademoiselle Méliès|Madame Méliès-Fix|Georgette Fontaine,https://wfpp.columbia.edu/person/georgette-melies/,https://wfpp.columbia.edu/wp-content/uploads/2016/10/WFP2-MELI01.jpg,cinematographer|actress|projectionist|manager,1888,1930,France
142,13949,Lucie Derain,Lucienne Dechorain,https://wfpp.columbia.edu/person/lucie-derain/,https://wfpp.columbia.edu/wp-content/uploads/2017/05/WFP2-DERA07-featured-image-e1495203884816.jpeg,co-founder|director|editor|critic|writer,1902,,France
143,16546,Marguerite Renoir,Marguerite Houllé|Marguerite Houllé-Renoir|Marguerite Mathieu|Marguerite,https://wfpp.columbia.edu/person/marguerite-renoir/,https://wfpp.columbia.edu/wp-content/uploads/2018/04/Renoir-Featured-copy-e1525441777858.jpg,editor|actress|film colorist,1906,1987,France
144,17942,Marguerite Viel,,https://wfpp.columbia.edu/person/marguerite-viel/,https://wfpp.columbia.edu/wp-content/uploads/2019/01/WFP-VIE02-scaled.jpg,consultant|manager|director|investor|writer|editor,1894,1976,France
145,1595,Musidora,Jeanne Roques,https://wfpp.columbia.edu/person/musidora/,https://wfpp.columbia.edu/wp-content/uploads/2012/01/WFP2-MUS01.jpg,director|producer|actress|musician|writer,1889,1957,France
146,15245,Diana Karenne,Leukadia (or Leucadia) Konstantin|Anna Karènne|Diana Karren,https://wfpp.columbia.edu/person/diana-karenne/,https://wfpp.columbia.edu/wp-content/uploads/2017/09/Diana-Karenne-Featured-Image.jpg,director|extra|actress|film company owner|producer|writer,1888,1940,France
147,15245,Diana Karenne,Leukadia (or Leucadia) Konstantin|Anna Karènne|Diana Karren,https://wfpp.columbia.edu/person/diana-karenne/,https://wfpp.columbia.edu/wp-content/uploads/2017/09/Diana-Karenne-Featured-Image.jpg,director|extra|actress|film company owner|producer|writer,1888,1940,Germany
148,15245,Diana Karenne,Leukadia (or Leucadia) Konstantin|Anna Karènne|Diana Karren,https://wfpp.columbia.edu/person/diana-karenne/,https://wfpp.columbia.edu/wp-content/uploads/2017/09/Diana-Karenne-Featured-Image.jpg,director|extra|actress|film company owner|producer|writer,1888,1940,Italy
149,11906,Fabienne Fabrèges,,https://wfpp.columbia.edu/person/fabienne-fabreges/,https://wfpp.columbia.edu/wp-content/uploads/2014/09/WFP2-FAB02.jpg,director|writer|actress,Unknown,Unknown,France
150,11906,Fabienne Fabrèges,,https://wfpp.columbia.edu/person/fabienne-fabreges/,https://wfpp.columbia.edu/wp-content/uploads/2014/09/WFP2-FAB02.jpg,director|writer|actress,Unknown,Unknown,Italy
151,16315,Renée Deliot,Renée Felicie Deliot|Renée de Liot,https://wfpp.columbia.edu/person/renee-deliot/,,cinema proprietor|distributor|film company owner|writer,1881,1960,France
152,16315,Renée Deliot,Renée Felicie Deliot|Renée de Liot,https://wfpp.columbia.edu/person/renee-deliot/,,cinema proprietor|distributor|film company owner|writer,1881,1960,Italy
153,17569,Virgínia de Castro e Almeida,,https://wfpp.columbia.edu/person/virginia-de-castro-e-almeida/,https://wfpp.columbia.edu/wp-content/uploads/2018/10/WFP2-CAS09.jpg,editor|film company owner|producer|writer,1874,1945,France
154,17569,Virgínia de Castro e Almeida,,https://wfpp.columbia.edu/person/virginia-de-castro-e-almeida/,https://wfpp.columbia.edu/wp-content/uploads/2018/10/WFP2-CAS09.jpg,editor|film company owner|producer|writer,1874,1945,Portugal
155,1354,Alice Guy Blaché,Alice Blache|Alice Guy|Alice Guy-Blaché,https://wfpp.columbia.edu/person/alice-guy-blache/,https://wfpp.columbia.edu/wp-content/uploads/CCP_FIGX_BLACHE_WFP-GUY161.jpg,director|director|producer|writer|film company owner|lecturer|secretary,1873,1968,France
156,1354,Alice Guy Blaché,Alice Blache|Alice Guy|Alice Guy-Blaché,https://wfpp.columbia.edu/person/alice-guy-blache/,https://wfpp.columbia.edu/wp-content/uploads/CCP_FIGX_BLACHE_WFP-GUY161.jpg,director|director|producer|writer|film company owner|lecturer|secretary,1873,1968,United States
157,12683,Rosa Porten,Dr. R. Portegg,https://wfpp.columbia.edu/person/rosa-porten/,https://wfpp.columbia.edu/wp-content/uploads/Porten_WFP2-POR031.jpg,director|actress|writer,1884,1972,Germany
158,1609,Ruth Goetz,Ruth von Schüching,https://wfpp.columbia.edu/person/ruth-goetz/,,adapter|writer,1886,Unknown,Germany
159,1627,Thea von Harbou,Mrs. Rudolf Klein-Rogge,https://wfpp.columbia.edu/person/thea-von-harbou/,https://wfpp.columbia.edu/wp-content/uploads/2011/11/WFP2-VONH01.jpg,adapter|director|writer|actress,1888,1954,Germany
160,1704,Ada Egede-Nissen,Ada Kramm,https://wfpp.columbia.edu/person/ada-egede-nissen/,,actress,1899,1981,Germany
161,1704,Ada Egede-Nissen,Ada Kramm,https://wfpp.columbia.edu/person/ada-egede-nissen/,,actress,1899,1981,Norway
162,1616,Stella F. Simon,Stella Furchgott,https://wfpp.columbia.edu/person/stella-f-simon/,,director|cinematographer|actress|visual artist,1878,1973,Germany
163,1616,Stella F. Simon,Stella Furchgott,https://wfpp.columbia.edu/person/stella-f-simon/,,director|cinematographer|actress|visual artist,1878,1973,United States
164,16842,Aloha Wanderwell Baker,Aloha Wanderwell|Aloha Baker|Idris Galcia Hall,https://wfpp.columbia.edu/person/aloha-wanderwell-baker/,https://wfpp.columbia.edu/wp-content/uploads/2018/06/WFP-BAKER01-featured-image.jpg,cinematographer|director|filmmaker|actress|editor|lecturer|visual artist|producer|writer,1908,1996,United States
165,10420,Esther Eng,Ng Kam Ha 伍錦霞,https://wfpp.columbia.edu/person/esther-eng/,https://wfpp.columbia.edu/wp-content/uploads/2014/07/WFP2-ENG07.jpg,director|distributor|producer|writer,1914,1970,Hong Kong
166,10420,Esther Eng,Ng Kam Ha 伍錦霞,https://wfpp.columbia.edu/person/esther-eng/,https://wfpp.columbia.edu/wp-content/uploads/2014/07/WFP2-ENG07.jpg,director|distributor|producer|writer,1914,1970,United States
167,17185,Frances Baker Farrell,Frances Baker|Frances Farrell|Frances Trench|Frances C. Trench|Frances Cautley Baker,https://wfpp.columbia.edu/person/frances-baker-farrell/,https://wfpp.columbia.edu/wp-content/uploads/2018/11/WFP2-FARR01.jpg,location scout|designer|weaver,1902,1982,Ireland
168,17186,Lettice Ramsey,Lettice Baker|Lettice Cautley Baker|Lettice Baker Ramsey,https://wfpp.columbia.edu/person/lettice-ramsey/,https://wfpp.columbia.edu/wp-content/uploads/2018/09/WFP2-RAMS01-featured-image-e1541164668387.jpg,location scout|visual artist|designer,1898,1985,Ireland
169,15938,Mrs. M.T. Pender,Margaret Theresa Doherty Pender|Margaret Pender|Mrs. M. T. Pender|May Pender|Mary Pender|Mary Doherty Pender|Moira Pender?|M.T.P.|Marguerite Pender|Margaret Theresa Doherty Pender|Colleen|Marguerite|Margaret T. O’Doherty Pender,https://wfpp.columbia.edu/person/mrs-m-t-pender/,https://wfpp.columbia.edu/wp-content/uploads/2018/01/WFP2-PEN01-featured-image-e1516221423874.jpg,writer,1848,1920,Ireland
170,17187,Máirín Hayes,Maire Hayes|Mary Hayes|Moira Hayes|Marion Hayes|Mairen Hayes|Mairín Hayes,https://wfpp.columbia.edu/person/mairin-hayes/,https://wfpp.columbia.edu/wp-content/uploads/2018/11/Hayes-Featured-image.jpg,manager|editor|actress,1914,2002,Ireland
171,12602,Ellen O’Mara Sullivan,Ellen O’Mara|Nell O’Mara|Ellen O’Mara Sullivan|Nell O’Mara Sullivan|Nell Sullivan|Mrs. E. Sullivan,https://wfpp.columbia.edu/person/ellen-omara-sullivan/,https://wfpp.columbia.edu/wp-content/uploads/2016/05/WFP2-OMARA01.jpg,company director|distributor|film company founding partner|film company owner|producer,1882,1919,Ireland
172,12602,Ellen O’Mara Sullivan,Ellen O’Mara|Nell O’Mara|Ellen O’Mara Sullivan|Nell O’Mara Sullivan|Nell Sullivan|Mrs. E. Sullivan,https://wfpp.columbia.edu/person/ellen-omara-sullivan/,https://wfpp.columbia.edu/wp-content/uploads/2016/05/WFP2-OMARA01.jpg,company director|distributor|film company founding partner|film company owner|producer,1882,1919,United States
173,11533,Mary Manning,Molly Manning|Mary Manning Howe|Mary Howe|Mary Manning Adams|Mary Manning Howe Adams,https://wfpp.columbia.edu/person/mary-manning/,https://wfpp.columbia.edu/wp-content/uploads/2015/10/WFP2-MAN01-featured-image-e1449264895573.jpg,adapter|filmmaking|editor|director|actress|critic|co-founder|secretary|miscellaneous crew|writer,1905,1999,Ireland
174,11533,Mary Manning,Molly Manning|Mary Manning Howe|Mary Howe|Mary Manning Adams|Mary Manning Howe Adams,https://wfpp.columbia.edu/person/mary-manning/,https://wfpp.columbia.edu/wp-content/uploads/2015/10/WFP2-MAN01-featured-image-e1449264895573.jpg,adapter|filmmaking|editor|director|actress|critic|co-founder|secretary|miscellaneous crew|writer,1905,1999,United States
175,13883,Bianca Virginia Camagni,,https://wfpp.columbia.edu/person/bianca-virginia-camagni/,https://wfpp.columbia.edu/wp-content/uploads/2017/02/WFP2-CAM01-e1493400333739.jpg,director|actress|producer|writer,1885,1960,Italy
176,10466,Daisy Sylvan,Elena Mazzantini|Mrs. Francesco Rosso,https://wfpp.columbia.edu/person/daisy-sylvan-2/,https://wfpp.columbia.edu/wp-content/uploads/2014/07/02-e1407252228265.jpg,director|actress|producer,1874,1946,Italy
177,12268,Elvira Giallanella,,https://wfpp.columbia.edu/person/elvira-giallanella/,https://wfpp.columbia.edu/wp-content/uploads/2015/06/WFP2-GIA01.jpg,director|distributor|film company owner|producer|writer,1885,1965,Italy
178,1472,Elvira Notari,Elvira Coda Notari|The General,https://wfpp.columbia.edu/person/elvira-notari/,https://wfpp.columbia.edu/wp-content/uploads/2011/12/WFP2-NOT02featured.jpg,educator|adapter|director|distributor|actress|film company owner|producer|writer,1875,1946,Italy
179,11357,Esterina Zuccarone,,https://wfpp.columbia.edu/person/esterina-zuccarone/,,editor|forewoman|laboratory worker|metalworker|dressmaker|technician,1904,1998,Italy
180,16476,Francesca Bertini,Elena Seracini Vitiello|Elena Taddei Vitiello,https://wfpp.columbia.edu/person/francesca-bertini/,https://wfpp.columbia.edu/wp-content/uploads/2014/07/Bertini7.jpg,director|actress|producer|writer,1892,1985,Italy
181,21928,Gemma Bellincioni,Gemma Stagno-Bellincioni,https://wfpp.columbia.edu/person/gemma-bellincioni/,https://wfpp.columbia.edu/wp-content/uploads/2020/09/WFP2-BELL01.jpg,director|actress|musician|producer|writer,1864,1950,Italy
182,18173,Giulia Cassini-Rizzotto,,https://wfpp.columbia.edu/person/giulia-cassini-rizzotto/,https://wfpp.columbia.edu/wp-content/uploads/2019/05/WFP2-RIZ03.jpg,educator|director|actress|producer|writer|,1865,1943,Italy
183,1589,Matilde Serao,,https://wfpp.columbia.edu/person/matilde-serao/,https://wfpp.columbia.edu/wp-content/uploads/2013/08/WFP2-SER04.jpg,critic|writer,1856,1927,Italy
184,16525,Kinuyo Tanaka,田中絹代  (Tanaka Kinuyo),https://wfpp.columbia.edu/person/kinuyo-tanaka/,https://wfpp.columbia.edu/wp-content/uploads/2018/03/WFP2-TAN06.jpg,director|actress,1909,1977,Japan
185,15294,Marija Jurić Zagorka,M. Jurica Zagorski|Marija Jurić|Z.|Z-a|Ilglica|Vlastelinka|Zagorka,https://wfpp.columbia.edu/person/marija-juric-zagorka/,https://wfpp.columbia.edu/wp-content/uploads/2017/09/WFP2-ZAG01-featured-image.jpg,writer,1873,1957,Croatia
186,1344,Adela Sequeyro,Perlita|Adela Sequeyro Haro|Mrs. Mario Tenorio,https://wfpp.columbia.edu/person/adela-sequeyro-haro/,https://wfpp.columbia.edu/wp-content/uploads/Sequeyro_Latin_America_CCP_FIG261_WFP-SEQ021.jpg,director|actress|film company owner|writer|producer,1901,1992,Mexico
187,1348,Adelina Barrasa,,https://wfpp.columbia.edu/person/adelina-barrasa/,,cinema proprietor|exhibitor,Unknown,Unknown,Mexico
188,1403,Cándida Beltrán Rendón,Candelaria Beltrán Rendón|,https://wfpp.columbia.edu/person/candida-beltran-rendon/,https://wfpp.columbia.edu/wp-content/uploads/Latin_America_CCP_FIG257_WFP-REN011.jpg,musician|director|actress|producer|writer|designer,1898,1985,Mexico
189,1406,Carmen Toscano,Carmen Toscano Escobedo|Carmen Toscano de Moreno Sánchez|Mrs. Manuel Moreno Sanchez,https://wfpp.columbia.edu/person/carmen-toscano/,,director|filmmaker|editor|writer|preservationist|producer,1910,1988,Mexico
190,1434,Cube Bonifant,Luz Alba|Aura Stella,https://wfpp.columbia.edu/person/cube-bonifant/,https://wfpp.columbia.edu/wp-content/uploads/2012/02/WFP-BON01.jpg,extra|actress|critic|writer,1904,1993,Mexico
191,1458,Elena Sánchez Valenzuela,,https://wfpp.columbia.edu/person/elena-sanchez-valenzuela/,https://wfpp.columbia.edu/wp-content/uploads/CCP_FIG259_Sanchez_WFP-SANC011.jpg,director|filmmaker|critic|writer|preservationist,1900,1950,Mexico
192,1591,Mimí Derba,Herminia Pérez de León,https://wfpp.columbia.edu/person/mimi-derba/,https://wfpp.columbia.edu/wp-content/uploads/How_Women_Worked_Fig58_WFP-DER011.jpg,director|actress|film company founding partner|producer|writer|musician,1893,1953,Mexico
193,1349,Adriana Ehlers,,https://wfpp.columbia.edu/person/adriana-ehlers/,https://wfpp.columbia.edu/wp-content/uploads/2012/02/WFP-ELH01.jpg,cinematographer|director|filmmaker|equipment sales|filmmaker|censor|government department head|laboratory worker|visual artist|producer,1894,1972,Mexico
194,1349,Adriana Ehlers,,https://wfpp.columbia.edu/person/adriana-ehlers/,https://wfpp.columbia.edu/wp-content/uploads/2012/02/WFP-ELH01.jpg,cinematographer|director|filmmaker|equipment sales|filmmaker|censor|government department head|laboratory worker|visual artist|producer,1894,1972,United States
195,1350,Dolores Ehlers,,https://wfpp.columbia.edu/person/dolores-ehlers/,https://wfpp.columbia.edu/wp-content/uploads/2012/02/WFP-ELH01.jpg,cinematographer|director|filmmaker|equipment sales|government department head|laboratory worker|visual artist|producer,1896,1983,Mexico
196,1350,Dolores Ehlers,,https://wfpp.columbia.edu/person/dolores-ehlers/,https://wfpp.columbia.edu/wp-content/uploads/2012/02/WFP-ELH01.jpg,cinematographer|director|filmmaker|equipment sales|government department head|laboratory worker|visual artist|producer,1896,1983,United States
197,1548,Juliet Barrett Rublee,,https://wfpp.columbia.edu/person/juliet-barrett-rublee/,https://wfpp.columbia.edu/wp-content/uploads/Rublee_CCP_FIG217A_WFP-RUB011.jpg,director|producer|writer,1875,1966,Mexico
198,1548,Juliet Barrett Rublee,,https://wfpp.columbia.edu/person/juliet-barrett-rublee/,https://wfpp.columbia.edu/wp-content/uploads/Rublee_CCP_FIG217A_WFP-RUB011.jpg,director|producer|writer,1875,1966,United States
199,10414,Fernanda Nissen,,https://wfpp.columbia.edu/person/fernanda-nissen/,,censor|writer|critic,1862,1920,Norway
200,1528,Gurly Drangsholt,Gurly Anker-Holth|Mrs. Hamilton Murray,https://wfpp.columbia.edu/person/gurly-drangsholt/,https://wfpp.columbia.edu/wp-content/uploads/2013/09/WFP2-DRA01-covercrop2.png,director|writer|producer,1890,1960,Norway
201,1364,Ángela Ramos de Rotalde,,https://wfpp.columbia.edu/person/angela-ramos-de-rotalde/,,writer,1896,1988,Peru
202,1578,Maria Isabel S&aacute;nchez Concha Aramburú,Belsamira|Marisabidilla,https://wfpp.columbia.edu/person/maria-isabel-s-aacute-nchez-concha-aramburu/,,writer,1889,1977,Peru
203,1615,Stefanía Socha,,https://wfpp.columbia.edu/person/stefania-socha/,,educator|producer,1898,1958,Peru
204,1617,Teresita Arce,Teresita Arce-Bouroncle O’Higgins,https://wfpp.columbia.edu/person/teresita-arce/,,actress|entrepreneur,Unknown,1981,Peru
205,21853,Nina Niovilla,Nina Niovila|Antonina Elżbieta Petrykiewicz|Antonina Petrykiewicz|Nina Petekiewicz|Nina von Petry|Nina Petykiewicz|Antoinette Petrykiewicz|Nina Niowila,https://wfpp.columbia.edu/person/nina-niovilla/,https://wfpp.columbia.edu/wp-content/uploads/2020/09/WFP2-NIO01-featured-image-e1599246708650.jpg,educator|director|actress|producer|writer,1874,1966,Poland
206,22000,Stefania Zahorska,Stefania Ernestyna Leser|Ernestyna Leser|Stefania Lesser|Stefanja Zahorska|Pandora,https://wfpp.columbia.edu/person/stefania-zahorska/,https://wfpp.columbia.edu/wp-content/uploads/2017/06/WFP2-ZAH03.png,critic|scholar|writer,1889,1961,Poland
207,10082,Aleksandra Khokhlova,Aleksandra Sergeevna Khokhlova|Aleksandra Botkina,https://wfpp.columbia.edu/person/aleksandra-khokhlova/,https://wfpp.columbia.edu/wp-content/uploads/2014/04/WFP2-KHOK01.jpg,educator|director|director|educator|actress|writer,1897,1985,Russia
208,10082,Aleksandra Khokhlova,Aleksandra Sergeevna Khokhlova|Aleksandra Botkina,https://wfpp.columbia.edu/person/aleksandra-khokhlova/,https://wfpp.columbia.edu/wp-content/uploads/2014/04/WFP2-KHOK01.jpg,educator|director|director|educator|actress|writer,1897,1985,Soviet Union
209,21098,Elizaveta Svilova,Elizaveta Schnitt|Elizaveta Vertova-Svilova|Yelizaveta Ignatevna Svilova|Yelizaveta Svilova,https://wfpp.columbia.edu/person/elizaveta-svilova/,https://wfpp.columbia.edu/wp-content/uploads/2020/02/Svilova-Editing-MWAMC-frame-grab.jpeg,preservationist|director|director|editor,1900,1975,Russia
210,21098,Elizaveta Svilova,Elizaveta Schnitt|Elizaveta Vertova-Svilova|Yelizaveta Ignatevna Svilova|Yelizaveta Svilova,https://wfpp.columbia.edu/person/elizaveta-svilova/,https://wfpp.columbia.edu/wp-content/uploads/2020/02/Svilova-Editing-MWAMC-frame-grab.jpeg,preservationist|director|director|editor,1900,1975,Soviet Union
211,1476,Esfir Shub,Eshter Il'inichna Shub,https://wfpp.columbia.edu/person/esfir-shub/,https://wfpp.columbia.edu/wp-content/uploads/2011/11/WFP2-SHU02.jpg,director|filmmaker|editor|writer,1894,1959,Russia
212,1476,Esfir Shub,Eshter Il'inichna Shub,https://wfpp.columbia.edu/person/esfir-shub/,https://wfpp.columbia.edu/wp-content/uploads/2011/11/WFP2-SHU02.jpg,director|filmmaker|editor|writer,1894,1959,Soviet Union
213,13035,Nina Agadzhanova-Shutko,Nina Ferdinandovna Agadzhanova|Nuné Agadzhanova|Nina Shutko|Mariia Mikulevich|Klavdiia Sergeevna Dubrovskaia|Irina Vasil'eva|Ol'ga Monakhova,https://wfpp.columbia.edu/person/nina-agadzhanova-shutko/,https://wfpp.columbia.edu/wp-content/uploads/2016/07/WFP2-AGAD01-featured-image.jpg,director|editor|writer|musician|writer|educator|consultant|editor,1889,1974,Russia
214,13035,Nina Agadzhanova-Shutko,Nina Ferdinandovna Agadzhanova|Nuné Agadzhanova|Nina Shutko|Mariia Mikulevich|Klavdiia Sergeevna Dubrovskaia|Irina Vasil'eva|Ol'ga Monakhova,https://wfpp.columbia.edu/person/nina-agadzhanova-shutko/,https://wfpp.columbia.edu/wp-content/uploads/2016/07/WFP2-AGAD01-featured-image.jpg,director|editor|writer|musician|writer|educator|consultant|editor,1889,1974,Soviet Union
215,12498,Ol'ga Rakhmanova,Ol'ga Vladimirovna Sokolova,https://wfpp.columbia.edu/person/olga-rakhmanova/,https://wfpp.columbia.edu/wp-content/uploads/2016/02/WFP2-RAK01.jpg,educator|adapter|director|editor|writer|actress|director|entrepreneur,1871,1943,Russia
216,12498,Ol'ga Rakhmanova,Ol'ga Vladimirovna Sokolova,https://wfpp.columbia.edu/person/olga-rakhmanova/,https://wfpp.columbia.edu/wp-content/uploads/2016/02/WFP2-RAK01.jpg,educator|adapter|director|editor|writer|actress|director|entrepreneur,1871,1943,Soviet Union
217,20509,Valentina Brumberg,Valentina Semyonovna Brumberg,https://wfpp.columbia.edu/person/valentina-semyonovna-brumberg/,,animator|consultant|director|editor|writer,1899,1975,Russia
218,20509,Valentina Brumberg,Valentina Semyonovna Brumberg,https://wfpp.columbia.edu/person/valentina-semyonovna-brumberg/,,animator|consultant|director|editor|writer,1899,1975,Soviet Union
219,20512,Zinaida Brumberg,Zinaida Semyonovna Brumberg,https://wfpp.columbia.edu/person/zinaida-semyonovna-brumberg/,https://wfpp.columbia.edu/wp-content/uploads/2019/11/WFP2-BRU02.jpg,animator|consultant|director|editor|writer,1900,1983,Russia
220,20512,Zinaida Brumberg,Zinaida Semyonovna Brumberg,https://wfpp.columbia.edu/person/zinaida-semyonovna-brumberg/,https://wfpp.columbia.edu/wp-content/uploads/2019/11/WFP2-BRU02.jpg,animator|consultant|director|editor|writer,1900,1983,Soviet Union
221,16002,Helena Cortesina,Elena Cortesina|Elena Manuela Dolores Cortés Altabas,https://wfpp.columbia.edu/person/helena-cortesina/,https://wfpp.columbia.edu/wp-content/uploads/2017/10/WFP2-CORT01.jpg,director|actress|film company owner|producer|entrepreneur,1903,1984,Spain
222,14676,María Luz Morales Godoy,Felipe Centeno,https://wfpp.columbia.edu/person/maria-luz-morales-godoy/,https://wfpp.columbia.edu/wp-content/uploads/2017/09/WFP2-MORA01-featured-image-copy.jpg,adapter|critic|scholar|editor|script,1898,1980,Spain
223,10677,Alva Lundin,Alva Lindbom|Alva Lindbohm,https://wfpp.columbia.edu/person/alva-lundin/,https://wfpp.columbia.edu/wp-content/uploads/2014/09/WFP2-LUN04.jpg,designer|writer,1889,1972,Sweden
224,13804,Anna Hofman-Uddgren,Anna Maria Hammarström|Anna Hofman|Madame X,https://wfpp.columbia.edu/person/anna-hofman-uddgren/,https://wfpp.columbia.edu/wp-content/uploads/2017/02/WFP2-HOF01-featured-image.jpg,writer|exhibitor|actress|director,1868,1947,Sweden
225,14266,Greta Håkansson,,https://wfpp.columbia.edu/person/greta-hakansson/,https://wfpp.columbia.edu/wp-content/uploads/2016/12/WFP2-HAK01.jpg,musician,1890,1961,Sweden
226,10682,Marie Louise Gagner,,https://wfpp.columbia.edu/person/marie-louise-gagner-2/,https://wfpp.columbia.edu/wp-content/uploads/2014/10/WFP2-GAG01-e1418399003272.jpg,censor,1868,1933,Sweden
227,1351,Adriënne Solser,,https://wfpp.columbia.edu/person/adrienne-solser/,https://wfpp.columbia.edu/wp-content/uploads/2013/07/WFP-SOL02.jpg,director|comedienne|distributor|film company owner|producer|actress,1873,1943,The Netherlands
228,10571,Caroline van Dommelen,Caroline van Lancker-van Dommelen,https://wfpp.columbia.edu/person/caroline-van-dommelen/,https://wfpp.columbia.edu/wp-content/uploads/2014/11/WFP2-DOMM01-e1416410788352.jpg,writer|actress|director,1874,1957,The Netherlands
229,14299,Isabel Acuña,Isabel de Nepomuceno|Doña Isabel,https://wfpp.columbia.edu/person/isabel-acuna/,https://wfpp.columbia.edu/wp-content/uploads/2017/05/WFP2-ACU01.jpg,art director|director|dressmaker|treasurer|film company vice president|make-up|producer|set decorator,1904,1986,The Philippines
230,13509,Haydée Chikly,Haydée Tamzali|Haydée Chikli,https://wfpp.columbia.edu/person/haydee-chikly/,https://wfpp.columbia.edu/wp-content/uploads/2014/12/WFP2-CHIK01.jpg,actress|film colorist|editor|writer,1906,1998,Tunisia
231,15432,Bedia Muvahhit,Bedia Şekip,https://wfpp.columbia.edu/person/bedia-muvahhit/,https://wfpp.columbia.edu/wp-content/uploads/2017/10/WFP2-MUV04-featured-image-e1509375770869.jpg,actress,1897,1994,Turkey
232,15428,Neyyire Neyir,Münire Eyüp Ertuğrul,https://wfpp.columbia.edu/person/neyyire-neyir/,https://wfpp.columbia.edu/wp-content/uploads/2017/10/WFP2-MUV04-featured-image-e1509375770869.jpg,editor|actress,1902,1943,Turkey
233,1337,Adela Rogers St. Johns,Nora Adela Rogers|Adela Rogers Saint Johns|Adela Rogers St. John,https://wfpp.columbia.edu/person/adela-rogers-st-johns/,https://wfpp.columbia.edu/wp-content/uploads/2011/11/WFP-ROG02.jpg,writer,1894,1988,United States
234,1345,Adele S. Buffington,Jesse Bowers|Adele Burgdorfer of St. Louis|Colt Remington,https://wfpp.columbia.edu/person/adele-s-buffington/,https://wfpp.columbia.edu/wp-content/uploads/Buffington_CCP_FIGX_WFP-BUF011.jpg,co-founder|movie theatre ticket cashier|writer,1900,1973,United States
235,1352,Agnes Christine Johnston,A. C. Johnson|Agnes Christine Johnson|Agnes C. Johnson|Agnes Johnston|Agnes C. Johnston|Mrs. Frank Mitchell Dazey,https://wfpp.columbia.edu/person/agnes-christine-johnston/,https://wfpp.columbia.edu/wp-content/uploads/CCP_FIG167_Johnston_WFP-JOHN021.jpg,adapter|writer|stenographer,1896,1978,United States
236,3,Alice B. Russell,Alice Burton Russell|Alice Micheaux,https://wfpp.columbia.edu/person/alice-b-russell/,https://wfpp.columbia.edu/wp-content/uploads/Women_as_Camera_Operators_WFP-ORD011.jpg,actress|musician|producer,1889,1985,United States
237,1358,Alice Howell,,https://wfpp.columbia.edu/person/alice-howell/,https://wfpp.columbia.edu/wp-content/uploads/CCP_FIG162_Howell_WFP-HOW031.jpg,comedienne|actress,1892,1961,United States
238,15780,Alice Smythe Jay,Alice Burton Jay|Alice Smythe Burton|Alice Smyth Jay,https://wfpp.columbia.edu/person/alice-smythe-jay/,,musician|entrepreneur|film company owner|inventor,Unknown,Unknown,United States
239,1361,Alice Terry,Alice Taafe|Mrs. Rex Ingram,https://wfpp.columbia.edu/person/alice-terry/,https://wfpp.columbia.edu/wp-content/uploads/Terry_CCP_FIG229_WFP-TER021.jpg,director|extra|actress,1900,1987,United States
240,1363,Alla Nazimova,Alla Lavendera|Adelaide Leventon (real name)|Miriam Edez Adelaida Leventon|Alla Nasimoff (earlier stage name)|Peter M. Winters|Alla Lavendera|Adelaide Leventon (real name)|Miriam Edez Adelaida Leventon|Alla Nasimoff (earlier stage name)|Peter M. Winters,https://wfpp.columbia.edu/person/alla-nazimova/,https://wfpp.columbia.edu/wp-content/uploads/Nazimova_CCP_FIGX_WFP-NAZ041.jpg,art director|dressmaker|director|editor|actress|producer|writer|set decorator,1879,1945,United States
241,17671,Angela Murray Gibson,,https://wfpp.columbia.edu/person/angela-murray-gibson/,https://wfpp.columbia.edu/wp-content/uploads/2018/11/Murray-Gibson-featured-image-e1542035684784.jpg,director|actress|film company owner|cinematographer|producer|writer|studio head,1878,1953,United States
242,1365,Anita Loos,Mrs. John Emerson|Corrine Anita Loos|J. Emerson Loos|Anita Luus,https://wfpp.columbia.edu/person/anita-loos/,https://wfpp.columbia.edu/wp-content/uploads/Loos_CCP_FIG179_WFP-LOO011.jpg,producer|writer|actress,1888,1981,United States
243,21640,Anita Maris Boggs,Anita M. Boggs|Anita Uada Maris Boggs,https://wfpp.columbia.edu/person/anita-maris-boggs/,https://wfpp.columbia.edu/wp-content/uploads/2020/06/WFP-BOG01-featured-image-e1593186163159.jpg,co-founder|distributor,1888,1937,United States
244,1366,Anita Stewart,Anna Marie Stewart|Anna Steward|Mrs. Rudolph Cameron|Mrs. George Converse,https://wfpp.columbia.edu/person/anita-stewart/,https://wfpp.columbia.edu/wp-content/uploads/CCP_Stewart_WFP-STE061.jpg,company director|musician|actress|writer|producer|musician,1895,1961,United States
245,6,Anne Bauchens,,https://wfpp.columbia.edu/person/anne-bauchens/,,editor,1882,1967,United States
246,1368,Anzia Yezierska,The sweatshop Cinderella,https://wfpp.columbia.edu/person/anzia-yezierska/,https://wfpp.columbia.edu/wp-content/uploads/2012/02/WFP-YEZ01.jpg,writer,1880,1970,United States
247,20329,Audrey Forfar Shippam,,https://wfpp.columbia.edu/person/audrey-forfar-shippam/,https://wfpp.columbia.edu/wp-content/uploads/2019/11/WFP-BEST02-featured-image.jpg,cinematographer|filmmaker|visual artist,1883,1975,United States
248,1386,Beatrice deMille,Beatrice C. deMille|Agnes Graham|Matilda Beatrice Samuel|Tillie Samuel|Mrs. Henry deMille,https://wfpp.columbia.edu/person/beatrice-demille/,https://wfpp.columbia.edu/wp-content/uploads/DeMille_CCP_FIG123_WFP-DEM011.jpg,agent|writer|play broker|actress|entrepreneur,1853,1923,United States
249,1387,Beatriz Michelena,Beatrize Michelena|Beatrice Michelena|Mrs. George Middleton,https://wfpp.columbia.edu/person/beatriz-michelena/,https://wfpp.columbia.edu/wp-content/uploads/2013/07/WFP-MIC02.jpg,company director|actress|producer|musician|stunt person,1890,1942,United States
250,1388,Bertha Muzzy Bower,B. M. Bower|Mrs. Clayton Bower|Bertha Muzzy Sinclair|Mrs. Bertrand W. Sinclair|Bertrand W. Sinclair|B. M. Sinclair|Mrs. Robert Elsworth Cowan,https://wfpp.columbia.edu/person/bertha-muzzy-bower/,https://wfpp.columbia.edu/wp-content/uploads/CCP_Bower_FIGX_WFP-BOW021.jpg,writer,1871,1940,United States
251,1390,Bessie Barriscale,Mrs. Howard Hickman|Elizabeth Barry Scale,https://wfpp.columbia.edu/person/bessie-barriscale/,https://wfpp.columbia.edu/wp-content/uploads/Barriscale_CCP_FIG110_WFP-BARR021.jpg,accountant|actress|film company founding partner|producer,1885,1965,United States
252,1393,Beta Breuil,Beta Breil|Betta Breuil|Botta Breuil|Mrs. Breuil|Mrs. Hartmann Breuil|Beta Brevil|Elizabeth Donner Van der Veer|Mrs. Frank M. Willard,https://wfpp.columbia.edu/person/beta-breuil/,https://wfpp.columbia.edu/wp-content/uploads/2013/08/WFP-BRE01.jpg,editor|director|producer|writer,1876,Unknown,United States
253,21748,Betty Burbridge,Elizabeth Burbridge,https://wfpp.columbia.edu/person/betty-burbridge/,https://wfpp.columbia.edu/wp-content/uploads/2020/08/WFP-BUR02-1-e1597075627555.jpg,continuity|actress|writer,1894,1987,United States
254,22251,Beulah Livingstone,Beulah Livingstone Frank,https://wfpp.columbia.edu/person/beulah-livingstone/,https://wfpp.columbia.edu/wp-content/uploads/2020/11/WFP-LIV01.jpg,writer|publicist|writer|manager,1886,1975,United States
255,1394,Beulah Marie Dix,Mrs. George H. Flebbe,https://wfpp.columbia.edu/person/beulah-marie-dix/,https://wfpp.columbia.edu/wp-content/uploads/2013/08/Dix_CCP_FIG124_WFP-DIX021-269x300.jpg,adapter|writer,1876,1970,United States
256,1323,Blanche Sewell,,https://wfpp.columbia.edu/person/blanche-sewell/,https://wfpp.columbia.edu/wp-content/uploads/2013/07/WFP-SEW01.jpg,editor,1898,1949,United States
257,1400,Bradley King,Josephine McLaughlin|Mrs. John Griffith Wray|Bradley King Wray|Mrs. George Hiram Boyd,https://wfpp.columbia.edu/person/bradley-king/,https://wfpp.columbia.edu/wp-content/uploads/King_CCP_FIG169_WFP-KIN021.jpg,writer|stenographer,1894,Unknown,United States
258,11135,Cissy Fitzgerald,Marie Kathleen Cecilia Fitzgerald|Mrs. Oliver Mark Tucker|The Girl with the Wink,https://wfpp.columbia.edu/person/cissy-fitzgerald/,https://wfpp.columbia.edu/wp-content/uploads/2014/08/WFP-FITZ01.jpg,dancer|actress|film company owner|producer,1873,1941,United States
259,1409,Clara Beranger,Clara S. Beranger|Charles S. Beranger|Mrs. William DeMille|Mrs. Albert B. Berwanger,https://wfpp.columbia.edu/person/clara-beranger/,https://wfpp.columbia.edu/wp-content/uploads/How_Women_Worked_Fig40_WFP-BERA011.jpg,adapter|scenarist|writer,1886,1956,United States
260,1411,Clara Kimball Young,,https://wfpp.columbia.edu/person/clara-kimball-young/,https://wfpp.columbia.edu/wp-content/uploads/2011/11/WFP-YOU07.jpg,producer|actress,1890,1960,United States
261,1418,Clare West,Clair West|Claire West,https://wfpp.columbia.edu/person/clare-west/,https://wfpp.columbia.edu/wp-content/uploads/2011/11/WFP-WES02.jpg,dressmaker,1879,1961,United States
262,1420,Cleo Madison,Lulu Bailey|Lulu Peake,https://wfpp.columbia.edu/person/cleo-madison/,https://wfpp.columbia.edu/wp-content/uploads/Madison_CCP_FIGX_WFP-MAD031.jpg,director|producer|writer|actress,1883,1964,United States
263,1421,Constance Talmadge,,https://wfpp.columbia.edu/person/constance-talmadge/,https://wfpp.columbia.edu/wp-content/uploads/2012/08/constance-talmage.jpg,actress|producer,1898,1973,United States
264,20328,Cora Johnstone Best,,https://wfpp.columbia.edu/person/cora-johnstone-best/,https://wfpp.columbia.edu/wp-content/uploads/2019/11/WFP-BEST02-featured-image.jpg,lecturer,1878,1930,United States
265,1423,Corinne Griffith,Corinne Griffin|Mrs. Walter Morosco|Mrs. Webster Campbell|Mrs. George Marshall|Mrs. Danny Scholl,https://wfpp.columbia.edu/person/corinne-griffith/,https://wfpp.columbia.edu/wp-content/uploads/Griffith_CCP_FIG150B_WFP-GRI051.jpg,company director|musician|producer|actress|writer,1894,1979,United States
266,1435,Dorothy Arzner,,https://wfpp.columbia.edu/person/dorothy-arzner/,https://wfpp.columbia.edu/wp-content/uploads/Arzner_CCP_FIG106_WFP-ARZ141.jpg,director|editor|writer,1897,1979,United States
267,1441,Dorothy Davenport Reid,Dorothy Davenport|Mrs. Wallace Reid|Jr.|Dorothy Reid,https://wfpp.columbia.edu/person/dorothy-davenport-reid/,https://wfpp.columbia.edu/wp-content/uploads/2011/11/How_Women_Worked_Fig5_WFP-DAV041-covercrop.jpg,director|actress|producer|writer,1895,1977,United States
268,1454,Dorothy Yost,Mrs. Dwight Cummings,https://wfpp.columbia.edu/person/dorothy-yost/,https://wfpp.columbia.edu/wp-content/uploads/2011/11/WFP-YOS011.jpg,adapter|writer|reader|secretary,1899,1967,United States
269,1457,Dot Farley,Dorothea Farley|Dorothy Farley,https://wfpp.columbia.edu/person/dot-farley/,https://wfpp.columbia.edu/wp-content/uploads/2011/11/WFP-FAR01.jpg,director|actress|writer,1881,1971,United States
270,1110,Drusilla Dunjee Houston,,https://wfpp.columbia.edu/person/drusilla-dunjee-houston/,,writer|musician|writer,1876,1941,United States
271,1466,Elizabeth B. Grimball,,https://wfpp.columbia.edu/person/elizabeth-b-grimball/,https://wfpp.columbia.edu/wp-content/uploads/Grimball_CCP_FIG153_WFP-GRIM011.jpg,producer|writer|actress|director|entrepreneur,1875,1953,United States
272,1468,Elizabeth Chevalier Pickett,Elizabeth Chevalier,https://wfpp.columbia.edu/person/elizabeth-chevalier-pickett/,https://wfpp.columbia.edu/wp-content/uploads/Pickett_ccp_figx_WFP-PICK011.jpg,director|filmmaker|writer,1896,1984,United States
273,14897,Elizabeth McGaffey,Bessie McGaffey|E.B. McGaffey,https://wfpp.columbia.edu/person/elizabeth-mcgaffey/,https://wfpp.columbia.edu/wp-content/uploads/2017/08/WFP-MCG01.jpg,head of studio research department|writer|reader|researcher|writer|studio librarian|actress,1875,1944,United States
274,4,Eloyce King Patrick Gist,,https://wfpp.columbia.edu/person/eloyce-king-patrick-gist/,,director|producer|writer|editor,1892,1974,United States
275,1470,Elsie Jane Wilson,Mrs. Rupert Julian,https://wfpp.columbia.edu/person/elsie-jane-wilson/,,director|actress|writer,1890,1965,United States
276,1114,Eslanda Robeson,Eslanda Cardozo Goode Robeson,https://wfpp.columbia.edu/person/eslanda-robeson/,https://wfpp.columbia.edu/wp-content/uploads/African_American_Women_in_the_Silent_Film_Industry_WFP-ROB031.jpg,actress|manager|writer,1896,1965,United States
277,1478,Ethel Grandin,Mrs. Ray Smallwood,https://wfpp.columbia.edu/person/ethel-grandin/,https://wfpp.columbia.edu/wp-content/uploads/2011/11/WFP-GRAN03.jpg,actress|film company founding partner|producer,1894,1988,United States
278,1480,Eugenie Magnus Ingleton,Anne Eugenie Magnus|Eugenie Leonard|Mrs. Fred W. Leonard|E. M. Ingleton|E. Magnus Ingleton|Mrs. Eugenie Ingleton,https://wfpp.columbia.edu/person/eugenie-magnus-ingleton/,https://wfpp.columbia.edu/wp-content/uploads/2020/01/Eugenie_Magnus_Ingleton_1915.jpg,adapter|director|producer|editor|writer|actress,1874,1936,United States
279,1481,Eve Unsell,Mrs. Lester Blankfield|Oliver W. Geoffreys|E. M. Unsell,https://wfpp.columbia.edu/person/eve-unsell/,https://wfpp.columbia.edu/wp-content/uploads/2012/02/WFP-UNS01.jpg,adapter|company director|continuity|editor|reader|writer|actress,1887,1937,United States
280,10702,Fanchon Royer,Mrs. Ray Cannon|Mrs. Jack Gallagher,https://wfpp.columbia.edu/person/fanchon-royer-2/,https://wfpp.columbia.edu/wp-content/uploads/2014/11/WFP-ROY04.jpg,extra|critic|editor|producer|publicist|agent,1902,1981,United States
281,1483,Fay Tincher,,https://wfpp.columbia.edu/person/fay-tincher/,https://wfpp.columbia.edu/wp-content/uploads/Tincher_CCP_FIG235_WFP-TIN011.jpg,comedienne|director|actress|film company owner|producer|writer,1884,1983,United States
282,1490,Flora Finch,,https://wfpp.columbia.edu/person/flora-finch/,https://wfpp.columbia.edu/wp-content/uploads/Finch_CPP_FIG135_WFP-FIN011-e1380208109660.jpg,comedienne|actress|film company owner|producer,1869,1940,United States
283,1493,Florence Lawrence,Florence Annie Bridgwood|“Flo” Lawrence|“The Biograph Girl|Mrs. Harry Solter|Mrs. Charles Woodring|Mrs. Henry Bolton.,https://wfpp.columbia.edu/person/florence-lawrence/,https://wfpp.columbia.edu/wp-content/uploads/Lawrence_CCP_FIG172_WFP-LAW011.jpg,actress|producer,1886,1938,United States
284,1499,Frances Marion,Frank M. Clifton (pseudonym used 1925–1928)|Francis Marion|Frances Marion Owen(s)|Marion Benson Owens|Marion Frances Owens,https://wfpp.columbia.edu/person/frances-marion/,https://wfpp.columbia.edu/wp-content/uploads/Marion_CCP_FIGX_WFP-MAR011.jpg,adapter|director|actress|writer,1888,1973,United States
285,1506,Frances Taylor Patterson,,https://wfpp.columbia.edu/person/frances-taylor-patterson/,https://wfpp.columbia.edu/wp-content/uploads/2014/01/WFP-PAT01-e1389386006601.jpg,scholar|writer,Unknown,Unknown,United States
286,1507,Frederica Sagor Maas,Frederica Maas|Frederica Sagor|Frederica Alexandrina Sagor,https://wfpp.columbia.edu/person/frederica-sagor-maas/,https://wfpp.columbia.edu/wp-content/uploads/2012/02/WFP-MAA01.jpg,editor|writer,1900,2012,United States
287,1511,Gale Henry,The Elongated Comedienne,https://wfpp.columbia.edu/person/gale-henry/,https://wfpp.columbia.edu/wp-content/uploads/Henry_CCP_FIG159A_WFP-HEN051.jpg,actress|producer|writer,1893,1972,United States
288,1519,Gene Gauntier,Mrs. Jack Clark|Genevieve G. Liggett|The first “Kalem Girl”,https://wfpp.columbia.edu/person/gene-gauntier/,https://wfpp.columbia.edu/wp-content/uploads/Gauntier_CPP_FIG137_WFP-GAU011.jpg,director|company director|actress|producer|writer,1885,1966,United States
289,1523,Gertrude Atherton,Gertrude Franklin Horn Atherton,https://wfpp.columbia.edu/person/gertrude-atherton/,https://wfpp.columbia.edu/wp-content/uploads/2011/11/WFP-ATH01.jpg,writer,1858,1948,United States
290,1524,Gertrude Homan Thanhouser,,https://wfpp.columbia.edu/person/gertrude-homan-thanhouser/,https://wfpp.columbia.edu/wp-content/uploads/2011/11/WFP-THA02.jpg,editor|executive|producer|actress|film company founding partner|writer|secretary,1882,1951,United States
291,12759,Gladys Hall,Elizabeth Ball|Gladys Ball|Janet Reid|Faith Service|Russell E. Smith,https://wfpp.columbia.edu/person/gladys-hall/,https://wfpp.columbia.edu/wp-content/uploads/2016/05/WFP-HALL01.jpg,writer|editor,1891,1977,United States
292,1525,Gladys Rosson,Gladys Rossen,https://wfpp.columbia.edu/person/gladys-rosson/,https://wfpp.columbia.edu/wp-content/uploads/2012/02/WFP-ROS01.jpg,accountant|secretary|typist,1891,1953,United States
293,1526,Gloria Swanson,Gloria May Josephine Svensson|Gloria Mae Swanson|Josephine Swenson|Mrs. Herbert Somborn|Mrs. Henri the Marquis de la Falaise de la Coudraye,https://wfpp.columbia.edu/person/gloria-swanson/,https://wfpp.columbia.edu/wp-content/uploads/Swanson_CCP_FIG226_WFP-SWA041.jpg,actress|producer,1899,1983,United States
294,1527,Grace Cunard,Harrier Milfred Jeffries|Mrs. Jack Shannon|The Master Pen,https://wfpp.columbia.edu/person/grace-cunard/,https://wfpp.columbia.edu/wp-content/uploads/Cunard_FIG116_WFP-CUN011.jpg,director|actress|writer,1893,1967,United States
295,1564,Harriet Parsons,,https://wfpp.columbia.edu/person/harriet-parsons/,,director|actress|writer|producer,1906,1983,United States
296,15770,Hazel Burnett,Hazel Wooden Manzor Burnett Megaw,https://wfpp.columbia.edu/person/hazel-burnett/,https://wfpp.columbia.edu/wp-content/uploads/2018/01/WFP-BURNE01-featured-image.jpg,musician,1892,1973,United States
297,1531,Helen Gardner,,https://wfpp.columbia.edu/person/helen-gardner/,https://wfpp.columbia.edu/wp-content/uploads/Gardner_CPP_FIG136_WFP-GAR011.jpg,director|actress|film company owner|producer|writer,1884,1968,United States
298,1532,Helen Holmes,Mrs. J.P. McGowan|Mrs. Lloyd Saunders,https://wfpp.columbia.edu/person/helen-holmes/,https://wfpp.columbia.edu/wp-content/uploads/Holmes_CCP_FIG161B_WFP-HOL011.jpg,animal trainer|producer|director|actress|writer|stunt person,1892,1950,United States
299,1533,Helen Keller,Helen Adams Keller,https://wfpp.columbia.edu/person/helen-keller/,https://wfpp.columbia.edu/wp-content/uploads/CCP_FIG167C_KELLER_WFP-KELH011.jpg,actress|producer|writer,1880,1968,United States
300,18472,Helena Smith Dayton,Helena Smith|Helena Smith-Dayton,https://wfpp.columbia.edu/person/helena-smith-dayton/,https://wfpp.columbia.edu/wp-content/uploads/2019/07/WFP-DAY01-copy.jpg,animator|director|writer|painter|producer|visual artist,1883,1960,United States
301,1535,Hettie Gray Baker,Hattie Gray Baker|Hatty Gray Baker|Hettie Grey Baker|Hetty Gray Baker,https://wfpp.columbia.edu/person/hettie-gray-baker/,https://wfpp.columbia.edu/wp-content/uploads/2011/12/WFP-BAK01.jpg,censor|actress|production editor|editor|writer,1881,1957,United States
302,1536,Hope Loring,Mrs. Louis “Buddy” Lighton,https://wfpp.columbia.edu/person/hope-loring/,https://wfpp.columbia.edu/wp-content/uploads/2013/08/WFP-LOR03.jpg,extra|actress|writer|critic,1894,1959,United States
303,1538,Ida May Park,Mrs. Joseph De Grasse,https://wfpp.columbia.edu/person/ida-may-park/,,director|editor|writer,1879,1954,United States
304,10,Irene Morra,,https://wfpp.columbia.edu/person/irene-morra/,,editor,1893,1978,United States
305,9,Jane Loring,,https://wfpp.columbia.edu/person/jane-loring/,https://wfpp.columbia.edu/wp-content/uploads/Cutting_Women_WFP-LORI021.jpg,director|editor,1890,1983,United States
306,1540,Jane Murfin,Allan Langdon Martin|Jane Macklem|Mrs. James Murfin|Mrs. Donald Crisp.,https://wfpp.columbia.edu/person/jane-murfin/,https://wfpp.columbia.edu/wp-content/uploads/Murfin_CCP_FIG198_WFP-MURF011.jpg,animal trainer|director|producer|co-founder|writer,1884,1955,United States
307,1541,Jeanie Macpherson,Jeanie MacPherson|Jeannie MacPherson,https://wfpp.columbia.edu/person/jeanie-macpherson/,https://wfpp.columbia.edu/wp-content/uploads/CCP_FIG9_Macpherson_WFP-MAC031.jpg,director|actress|writer,1888,1946,United States
308,774,Josephine Clement,Mrs. Edward Clement,https://wfpp.columbia.edu/person/josephine-clement/,,manager|exhibitor,Unknown,Unknown,United States
309,1544,Josephine Lovett,Mrs. John  S. Robertson,https://wfpp.columbia.edu/person/josephine-lovett/,https://wfpp.columbia.edu/wp-content/uploads/CCP_FIG182_LOVETT_WFP-LOV011.jpg,adapter|actress|writer,1877,1958,United States
310,1545,Josephine Rector,Mrs. Hal Angus|Josephine Pickel,https://wfpp.columbia.edu/person/josephine-rector/,https://wfpp.columbia.edu/wp-content/uploads/2013/08/WFP-REC01.jpg,writer|actress|editor,1885,1958,United States
311,1547,Julia Crawford Ivers,J. C. Ivers|Julia Ivers|Lady of the Shadows,https://wfpp.columbia.edu/person/julia-crawford-ivers/,https://wfpp.columbia.edu/wp-content/uploads/Ivers_CCP_FIG163_WFP-IVE011.jpg,director|writer|editor|producer,1867,1930,United States
312,1549,June Mathis,Mrs. Sylvano Balboni,https://wfpp.columbia.edu/person/june-mathis/,https://wfpp.columbia.edu/wp-content/uploads/Mathis_CCP_FIG192_WFP-MAT041.jpg,adapter|writer|director|editor|producer,1887,1927,United States
313,1550,Kate Corbaley,Kate Hinckley|Katherine Hinckley,https://wfpp.columbia.edu/person/kate-corbaley/,https://wfpp.columbia.edu/wp-content/uploads/2013/08/Corbaley_CCP_FIGXWFP-COR011-204x300.jpg,reader|editor|writer,1879,1938,United States
314,1552,Katharine Hilliker,Katharine Clark|Katharine Clark Caldwell|Katharine C. Prosser,https://wfpp.columbia.edu/person/katharine-hilliker/,https://wfpp.columbia.edu/wp-content/uploads/2012/02/WFP-HIL01.jpg,writer|personal assistant|editor,1885,1965,United States
315,1553,Kathlyn Williams,Kathleen Williams,https://wfpp.columbia.edu/person/kathlyn-williams/,https://wfpp.columbia.edu/wp-content/uploads/Williams_CCP_FIG245_WFP-WIL011.jpg,director|actress|writer,1888,1960,United States
316,1556,Leah Baird,Mrs. Arthur Beck,https://wfpp.columbia.edu/person/leah-baird/,https://wfpp.columbia.edu/wp-content/uploads/Baird_CCP_FIG109_WFP-BAI011.jpg,extra|actress|producer|writer,1883,1971,United States
317,1557,Lenore Coffee,Lenore Jackson Coffee|Lenore Cowen|Lenore Coffee Cowen|Lenore Joyce-Cowen,https://wfpp.columbia.edu/person/lenore-coffee/,https://wfpp.columbia.edu/wp-content/uploads/Coffee_FIGX_WFP-COF011.jpg,continuity girl|writer,1896,1984,United States
318,1558,Lillian Case Russell,Lulu Case,https://wfpp.columbia.edu/person/lillian-case-russell/,,adapter|producer|writer,1876,1947,United States
319,1559,Lillian Ducey,,https://wfpp.columbia.edu/person/lillian-ducey/,,director|writer,1878,1952,United States
320,1560,Lillian Gish,,https://wfpp.columbia.edu/person/lillian-gish/,https://wfpp.columbia.edu/wp-content/uploads/How_Women_Worked_Fig20_WFP-GIS011.jpg,director|actress|writer,1893,1993,United States
321,1561,Lois Weber,Mrs. Phillips Smalley|Lois Smalley,https://wfpp.columbia.edu/person/lois-weber/,https://wfpp.columbia.edu/wp-content/uploads/Weber_CCP_FIGX_WFP-WEB141.jpg,director|actress|film company owner|producer|writer,1879,1939,United States
322,1562,Lorna Moon,Helen Nora Wilson Low,https://wfpp.columbia.edu/person/lorna-moon/,https://wfpp.columbia.edu/wp-content/uploads/CCP_FIG197_MOON_WFP-MOO021.jpg,adapter|writer,1886,1930,United States
323,1563,Louella Parsons,Louella Oettinger,https://wfpp.columbia.edu/person/louella-parsons/,https://wfpp.columbia.edu/wp-content/uploads/CCP_FIG210_PARSONS_WFP-PARS011.jpg,editor|writer,1881,1972,United States
324,1566,Lucy Duff-Gordon,Lady Duff-Gordon|Lucile|Madame Lucile|née Lucy Sutherland,https://wfpp.columbia.edu/person/lucy-duff-gordon/,https://wfpp.columbia.edu/wp-content/uploads/Duff_CCP_FIG130d_WFP-DUF031.jpg,dressmaker|writer,1863,1935,United States
325,1567,Lule Warrenton,,https://wfpp.columbia.edu/person/lule-warrenton/,https://wfpp.columbia.edu/wp-content/uploads/Warrenton_CCP_FIG243_WFP-WAR011.jpg,actress|producer|writer|director|entrepreneur,1862,1932,United States
326,17794,Mabel Condon,Mabel Birdwell|Mrs. Russell Birdwell,https://wfpp.columbia.edu/person/mabel-condon/,https://wfpp.columbia.edu/wp-content/uploads/2018/11/WFP-COND02-featured-image.jpg,business owner|company director|critic|writer|publicist|manager|editor,1894,1965,United States
327,1568,Mabel Normand,Mabel Fortescue,https://wfpp.columbia.edu/person/mabel-normand/,https://wfpp.columbia.edu/wp-content/uploads/Normand_CCP_FIG199_WFP-NOR041.jpg,director|comedienne|actress|producer|writer,1892,1930,United States
328,1569,Madeline Brandeis,Mrs. Madeline (Frank) Brandeis|Madeline Frank,https://wfpp.columbia.edu/person/madeline-brandeis/,https://wfpp.columbia.edu/wp-content/uploads/2012/02/WFP-BRAN01.jpg,director|editor|actress|film company owner|visual artist|producer|writer,1897,1937,United States
329,9406,Mae Murray,Marie Adrienne Koenig|“The Girl with the Bee-Stung Lips|The Gardenia of the Screen|Mrs. Robert Z. Leonard|Mrs. David Mdivani,https://wfpp.columbia.edu/person/mae-murray-2/,https://wfpp.columbia.edu/wp-content/uploads/2013/12/WFP-MURR06-e1386361862732.jpg,musician|actress|producer|writer,1889,1965,United States
330,1571,Maibelle Heikes Justice,Mabel Heikes Justice|Maibelle Justice|Maybelle Heikes Justice,https://wfpp.columbia.edu/person/maibelle-heikes-justice/,https://wfpp.columbia.edu/wp-content/uploads/2013/10/WFP-JUS02.jpg,scenarist|writer,1871,1926,United States
331,7,Margaret Booth,,https://wfpp.columbia.edu/person/margaret-booth/,https://wfpp.columbia.edu/wp-content/uploads/2013/08/WFP-BOO01.jpg,editor,1898,2002,United States
332,21332,Margaret J. Winkler,M.J. Winkler|Margaret Winkler Mintz,https://wfpp.columbia.edu/person/margaret-j-winkler/,https://wfpp.columbia.edu/wp-content/uploads/2020/04/WFP-WINK03.jpg,distributor,1895,1990,United States
333,1574,Margaret Mayo,Lillian Elizabeth Clatten|Lillian Elizabeth Slatten|Mrs. Edgar Selwyn,https://wfpp.columbia.edu/person/margaret-mayo/,https://wfpp.columbia.edu/wp-content/uploads/2013/08/WFP-MAY01.jpg,adapter|actress|film company founding partner|writer,1882,1951,United States
334,1576,Margery Wilson,Sara(h) Barker Strayer|Margie Wilson|Marjory Wilson|Marjorie Wilson|Mrs. Otto Meeks,https://wfpp.columbia.edu/person/margery-wilson/,https://wfpp.columbia.edu/wp-content/uploads/2012/01/WFP-WILS01.jpg,director|actress|producer|writer|speech coach,1896,1986,United States
335,1577,Marguerite Bertsch,,https://wfpp.columbia.edu/person/marguerite-bertsch/,https://wfpp.columbia.edu/wp-content/uploads/Bertsch_CCP_Fig113b_WFP-BERT011.jpg,adapter|editor|director|writer,1889,1967,United States
336,2,Maria P. Williams,,https://wfpp.columbia.edu/person/maria-p-williams/,https://wfpp.columbia.edu/wp-content/uploads/African_American_Women_in_the_Silent_Film_Industry_WFP-WILM011.jpg,manager|distributor|actress|lecturer|producer|writer|secretary,Unknown,Unknown,United States
337,1580,Marian Constance Blackton,Marian Constance Blackton|Marian Constance|Marian Trimble|Marian Blackton Trimble|Mrs. Gardner James,https://wfpp.columbia.edu/person/marian-constance-blackton/,https://wfpp.columbia.edu/wp-content/uploads/2013/08/WFP-BLAM01.jpg,actress|scenarist|script,1901,1993,United States
338,1581,Marie Dressler,Leila Marie Koerber,https://wfpp.columbia.edu/person/marie-dressler/,https://wfpp.columbia.edu/wp-content/uploads/Dressler_CCP_FIG127B_WFP-DRES011.jpg,comedienne|actress|producer|scenarist,1868,1934,United States
339,1582,Marion E. Wong,Marion Wong,https://wfpp.columbia.edu/person/marion-e-wong/,https://wfpp.columbia.edu/wp-content/uploads/WONG_WFP-WON031.jpg,company director|dressmaker|director|actress|producer|writer,1895,1969,United States
340,1583,Marion Fairfax,Marion Marshall|Marion Tully Marshall|Marion Josephine Neiswanger|Mrs. Tully Marshall,https://wfpp.columbia.edu/person/marion-fairfax/,https://wfpp.columbia.edu/wp-content/uploads/Fairfax_CPP_FIG132_WFP-FAI011.jpg,company director|director|editor|writer|producer|actress,1875,1970,United States
341,1584,Marion Leonard,,https://wfpp.columbia.edu/person/marion-leonard/,https://wfpp.columbia.edu/wp-content/uploads/Leonard_CCP_FIG173_WFP-LEO021.jpg,actress|producer|writer,1881,1956,United States
342,14886,Marvin Breckinridge,Mary Marvin Breckinridge Patterson,https://wfpp.columbia.edu/person/marvin-breckinridge/,https://wfpp.columbia.edu/wp-content/uploads/2017/06/WFP-BREC01-e1502121807138.jpg,filmmaker|cinematographer|director|editor|writer|visual artist,1905,2002,United States
343,14237,Mary Lawton Metcalfe,Electra Sparks,https://wfpp.columbia.edu/person/mary-lawton-metcalfe/,https://wfpp.columbia.edu/wp-content/uploads/2016/05/WFP-MET01.jpg,critic|film curator|scholar|writer|lecturer,1859,1949,United States
344,1585,Mary MacLane,Mary Mac Lane,https://wfpp.columbia.edu/person/mary-maclane/,https://wfpp.columbia.edu/wp-content/uploads/2012/01/WFP-MACL02.jpg,actress|writer,1881,1929,United States
345,1588,Mary Pickford,Mary Pickford Rogers|Gladys Smith|Gladys Louise Smith|Gladys Mary Smith,https://wfpp.columbia.edu/person/mary-pickford/,https://wfpp.columbia.edu/wp-content/uploads/Pickford_CCP_FIGX_WFP-PIC031.jpg,company director|distributor|actress|film company founding partner|producer|writer,1892,1979,United States
346,12324,Maude Adams,Maude Ewing Kiscadden,https://wfpp.columbia.edu/person/maude-adams/,https://wfpp.columbia.edu/wp-content/uploads/2016/04/WFP-ADAM03-featured-image.jpg,cinematographer|film company owner|engineer|researcher|technician|actress,1872,1953,United States
347,1593,Mrs. George Randolph Chester,Lilian Chester|Lillian Josephine Hauser DeRimo,https://wfpp.columbia.edu/person/mrs-george-randolph-chester/,https://wfpp.columbia.edu/wp-content/uploads/2013/09/Mr._and_Mrs._George_Randolph_Chester_WFP-CHE011.jpg,director|writer|editor,1889,1961,United States
348,1594,Mrs. Sidney Drew,Lucille McVey Drew|Lucille McVey|Jane Morrow,https://wfpp.columbia.edu/person/mrs-sidney-drew/,https://wfpp.columbia.edu/wp-content/uploads/Drew_CCP_FIG129_WFP-DREW011.jpg,director|producer|writer|actress,1890,1925,United States
349,1596,Nancy Naumburg,Nancy Naumburg Goldsmith,https://wfpp.columbia.edu/person/nancy-naumburg/,https://wfpp.columbia.edu/wp-content/uploads/Naumburg_CCP_FIGX_WFP-NAU011.jpg,cinematographer|director|writer|visual artist,1911,1988,United States
350,1597,Natacha Rambova,Winifred Shaughnessy Hudnut|Natasha Rambova|Winifred Shaughnessy|Mrs. Rudolph Valentino,https://wfpp.columbia.edu/person/natacha-rambova/,https://wfpp.columbia.edu/wp-content/uploads/2014/01/WFP-RAM04.jpg,director|writer|actress|writer|set decorator|designer,1897,1966,United States
351,1422,Norma Talmadge,Mrs. Joseph M. Schenck,https://wfpp.columbia.edu/person/norma-talmadge/,https://wfpp.columbia.edu/wp-content/uploads/2012/08/norma-talmadge.jpg,actress|producer,1894,1957,United States
352,1600,Olga Petrova,Minnie Collins|Muriel Harding|Madame Petrova|O. Petrova|Olya Petrova,https://wfpp.columbia.edu/person/olga-petrova/,https://wfpp.columbia.edu/wp-content/uploads/Petrova_CCP_FIG211_WFP-PET011.jpg,writer|actress|film company owner|producer,1884,1977,United States
353,1601,Olga Printzlau,Olga P. Clark|Olga Printzlau Clark|Mrs. Hal Clements,https://wfpp.columbia.edu/person/olga-printzlau/,https://wfpp.columbia.edu/wp-content/uploads/Printzlau_CCP_FIG214_WFP-PRI011.jpg,adapter|writer,1891,1962,United States
354,1602,Osa Johnson,Mrs. Martin Johnson|Osa Helen Leighty Johnson|Osa Helen Leighty,https://wfpp.columbia.edu/person/osa-johnson/,https://wfpp.columbia.edu/wp-content/uploads/Johnson_CCP_FIG165_WFP-JOH031.jpg,cinematographer|director|filmmaker|actress|lecturer|visual artist|producer|writer,1894,1953,United States
355,1603,Ouida Bergère,Eulalia Bergère|Ida Bergère|Mrs. George Fitzmaurice|Mrs. Basil Rathbone,https://wfpp.columbia.edu/person/ouida-bergere/,https://wfpp.columbia.edu/wp-content/uploads/2013/08/Bergere_CCP_FIG113_WFP-BERG021.jpg,adapter|actress|editor|writer,1885,1974,United States
356,1605,Pearl White,Peerless Fearless Girl|Heroine of a Thousand Stunts|Mrs. Wallace McCutheon|Mrs. Victor Sutherland|Mrs. Theodore Cossika,https://wfpp.columbia.edu/person/pearl-white/,https://wfpp.columbia.edu/wp-content/uploads/White_CCP_FIGX_WFP-WHI041.jpg,actress|musician,1889,1938,United States
357,11,Rose Smith,,https://wfpp.columbia.edu/person/rosesmith/,,continuity|editor,1897,1962,United States
358,1607,Ruth Ann Baldwin,Ruth A. Pierson,https://wfpp.columbia.edu/person/ruth-ann-baldwin/,https://wfpp.columbia.edu/wp-content/uploads/2013/12/WFP-BAL02.jpg,director|writer|editor|,1886,Unknown,United States
359,1608,Ruth Bryan Owen,Ruth Bryan|Mrs. William Homer Leavitt|Mrs. Reginald Altham Owen|Mrs. Borge Rohde,https://wfpp.columbia.edu/person/ruth-bryan-owen/,https://wfpp.columbia.edu/wp-content/uploads/2011/12/WFP-OWE03.jpg,director|producer|writer|designer,1885,1954,United States
360,21878,Ruth Gould Dolesé,Ruth Ellen Gould|Ruth E. Gould|R.G. Dolesé|Ruth Ellen Gould Dolesé,https://wfpp.columbia.edu/person/ruth-ellen-gould-dolese/,,editor|film company department head|lecturer,1868,1913,United States
361,1610,Ruth Stonehouse,,https://wfpp.columbia.edu/person/ruth-stonehouse/,https://wfpp.columbia.edu/wp-content/uploads/Stonehouse_CCP_FIG224_WFP-STO011.jpg,director|actress|writer,1892,1941,United States
362,1611,Sada Cowan,Sada Louise Cowan|Mrs. Fredrick James Pitt|Mrs. Ernest L. Commons,https://wfpp.columbia.edu/person/sada-cowan/,https://wfpp.columbia.edu/wp-content/uploads/CCP_Cowan_FIG115_WFP-COW011.jpg,writer|continuity,1882,1943,United States
363,1612,Sarah Y. Mason,Mrs. Owen Moore|Sarah Yeiser Mason|Mrs. Victor Heerman,https://wfpp.columbia.edu/person/sarah-y-mason/,https://wfpp.columbia.edu/wp-content/uploads/Mason_CCP_FIG184_WFP-MAS061.jpg,adapter|writer|continuity,1896,1980,United States
364,1614,Sonya Levien,Sonya Hovey|Sonya Opesken,https://wfpp.columbia.edu/person/sonya-levien/,https://wfpp.columbia.edu/wp-content/uploads/Levien_CCP_FIG175_WFP-LEV011.jpg,adapter|writer|continuity|editor,1888,1960,United States
365,1618,Texas Guinan,Mary Louise Cecelia Guinan,https://wfpp.columbia.edu/person/texas-guinan/,https://wfpp.columbia.edu/wp-content/uploads/2011/11/texas-guinan.jpg,company director|actress|producer,1884,1933,United States
366,1,Tressie Souders,Tressie Saunders|Tressa Souders,https://wfpp.columbia.edu/person/tressie-souders/,,director|producer|writer,Unknown,Unknown,United States
367,1628,Tsuru Aoki,Mrs. Sessue Hayakawa,https://wfpp.columbia.edu/person/tsuru-aoki/,https://wfpp.columbia.edu/wp-content/uploads/WFP-AOK01-AOKI-MAIN1.jpg,actress|producer|designer,1892,1961,United States
368,1630,Vera McCord,,https://wfpp.columbia.edu/person/vera-mccord/,https://wfpp.columbia.edu/wp-content/uploads/2012/02/WFP-MCC01.jpg,educator|adapter|director|actress|producer|writer,1872,1949,United States
369,8,Viola Lawrence,Viola Mallory,https://wfpp.columbia.edu/person/viola-lawrence/,https://wfpp.columbia.edu/wp-content/uploads/2014/01/WFP-LAWV02-e1389386617701.jpg,editor,1894,1973,United States
370,1631,Wanda Tuchock,,https://wfpp.columbia.edu/person/wanda-tuchock/,,adapter|director|filmmaker|producer|writer,1898,1985,United States
371,1632,Winifred Dunn,Mrs. Harold Swartz,https://wfpp.columbia.edu/person/winifred-dunn/,https://wfpp.columbia.edu/wp-content/uploads/CCP_fig131_Dunn_WFP-DUNN011-e1322801038902.jpg,editor|writer,1899,Unknown,United States
372,15052,Winnifred Eaton,Onoto Watanna|Winnifred Eaton Reeve|Winnifred Reeve|Winnifred Eaton Babcock|Winnifred Babcock|Mrs. Bertrand Babcock|“Winifred”,https://wfpp.columbia.edu/person/winnifred-eaton/,https://wfpp.columbia.edu/wp-content/uploads/2017/09/WFP-EAT01-featured-image-e1504295073989.jpg,adapter|writer|literary advisor|editor,1875,1954,United States
373,5,Zora Neale Hurston,,https://wfpp.columbia.edu/person/zora-neale-hurston/,https://wfpp.columbia.edu/wp-content/uploads/HURSTON-WFP-HUR011.jpg,director|filmmaker|writer|personal assistant,1891,1960,United States
